Page,Encrypt,ObjStm,JS,JavaScript,AA,OpenAction,AcroForm,JBIG2Decode,RichMedia,Launch,EmbeddedFile,XFA,obj,stream,xref,trailer,startxref,filesize_kb,Colors_gt_224
2,0,0,19,0,0,0,1,0,0,0,0,0,25,12,0,1,1,101.38677593852154,0
2,0,1,0,0,0,2,0,0,0,0,0,0,73,5,2,2,2,291.47714324884964,0
2,0,0,0,1,0,1,0,0,0,0,0,0,7,4,1,1,1,4.367284370083077,0
0,0,0,1,1,0,0,1,0,0,0,0,0,10,2,1,1,1,5.387256497568824,0
3,0,0,1,1,0,1,0,0,0,0,0,0,4,0,1,1,1,23.52606715241767,0
1,0,7,0,0,0,0,0,0,0,0,0,0,2,3,0,7,1,230.4941213509035,0
0,0,0,0,0,0,0,0,0,0,0,0,0,51,3,0,0,2,46.45170338117556,0
0,0,0,0,3,0,1,0,0,0,0,0,0,38,0,1,1,1,10.641988657027914,0
2,0,2,4,6,0,0,1,0,0,0,0,0,78,24,0,0,1,260.2998446323519,0
3,1,0,4,5,0,1,1,0,1,0,9,1,82,39,1,1,2,2218.3706592235812,0
0,0,0,1,1,0,1,1,0,0,0,0,0,10,3,1,1,1,251.2436877998641,0
2,0,2,0,0,0,0,1,0,0,0,0,0,68,20,0,0,1,800.9848315097029,0
2,0,6,1,1,1,1,1,0,0,0,0,0,87,125,4,0,1,84.81667251317886,0
3,0,0,0,1,1,4,5,0,0,1,0,0,630,84,3,3,4,74.43261621605329,0
1,0,10,0,0,0,0,0,0,0,0,0,0,50,4,10,2,1,284.0918601844459,0
0,0,0,1,3,0,1,1,0,0,0,0,0,53,0,0,1,1,7.745148127267692,0
4,1,0,4,5,0,0,1,0,1,0,9,1,658,34,1,1,2,764.6305911039581,0
7,0,0,1,1,1,1,0,0,0,1,0,0,114,159,3,3,4,2860.363490566679,0
4,0,1,1,1,1,1,0,0,0,1,0,0,72,210,3,3,3,2070.9179675310615,0
7,1,0,0,5,0,0,1,0,1,0,9,1,79,30,1,1,2,555.7438132903151,0
4,0,2,0,6,0,1,0,0,0,0,0,0,164,43,1,7,20,237.48552157752434,0
3,0,1,1,1,1,1,0,0,0,1,0,0,566,149,4,3,4,2909.0530662405718,0
1,0,0,1,1,0,0,0,0,0,0,0,0,64,4,1,1,1,17.11595951482245,0
18,1,0,4,5,0,0,1,0,1,0,9,1,88,34,1,1,2,690.5745497509437,0
0,0,0,0,0,0,0,1,0,0,0,0,0,63,32,0,0,1,49.24557493854395,0
0,0,0,1,2,0,0,0,0,0,0,0,0,51,3,1,1,1,69.03513264662901,0
2,0,0,0,0,0,0,0,0,0,0,0,0,47,7,2,0,2,47.900165821548875,0
1,0,0,1,2,0,1,0,0,0,0,0,0,20,2,1,1,1,3.051998015239434,0
2,0,1,1,0,0,0,0,0,0,0,0,0,64,24,0,2,2,166.90909125217658,0
3,0,0,1,1,0,1,0,0,0,0,0,0,27,2,1,1,1,5.001688528768218,0
4,0,6,0,0,0,0,0,0,0,0,0,0,533,55,30,7,12,227.36584676357262,0
5,0,0,0,0,0,0,0,0,0,0,0,0,92,4,10,1,1,12.640498437682497,0
3,0,0,1,1,0,1,1,0,0,0,0,0,58,3,1,1,1,70.17290591511427,0
23,0,4,0,0,0,0,0,0,0,0,0,0,262,59,22,30,12,256.4222242478779,0
0,0,0,2,1,0,1,0,0,0,0,0,0,16,4,1,1,1,30.730838176839335,0
3,0,0,2,1,0,1,0,0,0,0,0,0,40,3,1,1,0,240.59350889333766,0
3,0,2,19,0,0,0,0,0,0,0,8,0,23,32,2,2,2,189.03428571561005,0
0,0,0,0,1,0,1,0,0,0,0,0,0,21,2,1,1,1,52.99178183030742,0
0,0,0,1,2,0,0,0,0,0,0,0,0,4,1,1,1,1,37.01291870358442,0
2,0,0,1,1,0,1,0,0,0,0,0,0,43,6,1,1,1,26.461177180505295,0
14,1,0,4,5,0,0,1,0,1,0,9,1,76,28,1,1,2,834.4543014187022,0
0,0,7,0,0,0,0,0,0,0,0,8,0,133,59,30,0,15,54.12137854718014,0
2,0,0,0,0,0,0,0,0,0,0,0,0,69,10,2,2,2,74.92146011320625,0
1,0,0,1,2,0,1,0,0,0,0,0,0,4,0,1,1,1,34.077322977075134,0
1,0,0,1,2,0,1,0,0,0,0,0,0,19,4,1,1,1,18.203073730468635,0
1,0,0,1,3,0,1,1,0,0,0,1,0,12,1,0,1,1,36.393495851492915,0
3,0,0,2,3,0,1,0,0,0,0,0,0,44,6,1,1,1,12.780249882141582,0
23,0,1,19,1,1,1,15,0,0,1,0,1,299,96,22,22,4,342.126002722001,0
2,0,1,0,0,0,0,0,0,0,0,0,0,65,12,2,2,2,97.8241961696735,0
27,0,0,0,0,1,2,0,0,0,0,1,1,1,4,9,15,2,33.773884362017625,0
2,0,0,3,0,0,0,0,0,0,0,0,0,10,1,1,1,1,6.658549214518349,0
1,0,0,1,2,0,0,1,0,0,0,0,0,2,1,0,1,1,27.110072992843016,0
1,0,0,0,0,0,1,0,0,0,0,1,1,62,7,1,0,6,52.06439624788811,0
1,0,1,0,0,0,0,0,0,0,0,0,0,63,7,2,2,2,128.85201716690491,0
8,1,0,4,5,0,0,1,0,1,0,9,1,98,22,1,1,2,594.6010820881918,0
1,0,0,3,3,0,0,0,0,0,0,0,0,55,4,1,1,1,53.356722291445124,0
3,0,0,0,3,0,1,1,0,0,0,0,0,68,1,1,1,1,70.36614767594575,0
3,0,2,0,0,10,1,1,0,0,0,1,1,6,1,0,0,1,22.989960853387803,0
2,0,1,5,0,0,0,0,0,0,0,0,0,298,6,2,2,2,12.279713661873728,0
36,0,1,1,1,1,1,0,0,0,1,0,0,654,234,4,4,4,2245.2890881191374,0
1,0,0,1,2,0,1,0,0,0,0,0,0,0,3,1,1,1,177.3335697866199,0
1,0,0,2,3,0,1,1,0,0,0,0,0,23,2,1,1,1,63.43813450538501,0
1,0,0,1,2,0,0,0,0,0,0,0,0,51,19,6,3,0,45.27868591237494,0
2,0,0,0,0,0,0,0,0,0,0,0,0,19,6,2,2,2,200.4241024913233,0
13,0,1,0,0,3,1,0,0,0,0,0,0,299,165,30,5,12,346.76882150530986,0
5,0,0,1,6,0,0,0,0,0,1,0,0,68,7,7,10,4,53.8086549225516,0
0,0,0,2,3,0,1,0,0,0,0,0,0,16,6,1,1,1,88.03559322598983,0
3,0,0,2,3,0,1,1,0,0,0,0,0,66,5,1,1,1,76.89376394708766,0
1,0,0,1,0,0,1,0,0,0,0,0,0,38,3,1,1,1,37.491861790334305,0
2,0,1,0,1,1,1,5,0,0,1,0,0,46,30,12,3,1,261.8643639164195,0
3,0,1,1,1,1,1,0,0,0,1,0,0,80,65,3,3,3,760.8666453584317,0
2,0,0,1,2,0,1,0,0,0,0,0,0,11,1,1,1,1,20.722603228086445,0
3,0,1,0,1,1,1,0,0,0,1,0,0,51,135,3,3,3,308.4760623261722,0
23,0,4,2,0,0,0,1,0,0,0,0,0,36,25,1,1,1,231.18245014989293,0
2,0,0,0,0,0,0,0,0,0,0,0,0,61,8,2,1,6,68.76881934958345,0
0,0,0,1,1,0,0,0,0,0,0,0,0,50,1,1,1,1,9.909944540101424,0
8,0,0,0,0,3,2,3,0,0,0,1,1,5,4,9,15,6,28.494117582606464,0
1,0,0,1,2,0,0,0,0,0,0,0,0,23,1,0,1,1,19.305557441843376,0
1,0,1,0,0,0,0,0,0,0,0,0,0,41,7,2,2,2,208.1443314524683,0
1,0,0,1,2,0,0,0,0,0,0,0,0,46,2,1,1,0,58.62798776122749,0
1,0,0,0,0,0,0,5,0,0,0,0,0,37,1,1,1,1,60.920763667419024,0
22,1,0,4,5,0,0,1,0,1,0,9,1,104,38,1,1,2,802.9124973926591,0
2,0,0,0,0,0,0,0,0,0,0,0,0,28,2,22,7,15,189.28577043984262,0
2,0,1,0,0,0,0,0,0,0,0,0,0,91,26,0,0,2,686.526736711897,0
1,0,0,0,0,0,1,1,0,0,0,0,0,19,6,1,1,1,1.615449924944425,0
6,0,0,1,1,0,0,0,0,0,0,0,0,38,92,0,0,3,346.20702105845373,0
1,0,6,0,2,0,0,1,0,0,0,0,0,43,5,0,0,1,55.56425835138525,0
3,0,0,1,4,0,0,0,0,0,0,0,0,40,1,1,1,1,35.525821697442595,0
0,0,0,1,2,0,1,0,0,0,0,0,0,24,3,1,1,1,26.131638284157575,0
1,0,0,2,1,0,1,1,0,0,0,0,0,28,2,0,1,1,52.24433413486541,0
2,0,6,0,0,0,0,0,0,0,0,0,0,5,1,0,0,6,19.461977729613896,0
2,0,0,1,2,0,0,0,0,0,0,0,0,9,0,1,1,1,59.81695935745482,0
2,0,0,1,2,0,0,0,0,0,0,0,0,26,0,1,1,1,29.215613291234334,0
2,0,0,0,0,0,2,1,0,0,0,1,1,25,4,0,0,1,44.57443680596532,0
26,0,1,1,1,1,1,0,0,0,1,0,0,85,194,3,3,4,2869.4595047670546,0
1,0,0,1,0,0,0,0,0,0,0,0,0,59,2,0,0,2,65.43000414011061,0
2,0,0,1,1,0,1,0,0,0,0,0,0,57,6,1,1,1,63.067142541223376,0
1,0,0,1,3,0,0,0,0,0,0,0,0,36,2,1,1,1,49.21481675950503,0
0,0,0,1,2,0,1,1,0,0,0,0,0,1,0,1,1,1,4.246850598518208,0
3,0,0,0,0,0,0,0,0,0,0,0,0,72,26,0,0,1,15.476713736721138,0
2,0,1,0,0,1,2,0,0,0,0,0,0,372,144,10,0,4,304.5156097104182,0
1,0,0,1,1,0,1,0,0,0,0,0,0,34,1,1,1,1,0.8705586720800653,0
1,0,6,0,0,0,0,0,0,0,0,0,0,51,30,0,0,2,257.0555523975486,0
0,1,0,4,5,0,0,1,0,1,0,9,1,81,20,1,1,2,52.14877988627764,0
8,1,0,4,5,0,0,1,0,1,0,9,1,88,41,1,1,2,646.6224517630491,0
2,0,0,1,2,0,1,0,0,0,0,0,0,8,1,0,1,1,3.1675425406029234,0
4,0,0,1,2,0,1,0,0,0,0,0,0,38,5,1,1,1,34.13374380997485,0
1,0,1,0,0,0,0,0,0,0,0,0,0,24,8,2,2,2,119.66370359245118,0
3,0,0,3,6,0,1,0,0,0,0,0,0,28,7,1,1,1,45.74380813535404,0
1,0,0,0,0,0,0,1,0,0,0,0,0,68,21,6,0,1,27.011475759746048,0
2,0,0,1,2,1,0,0,0,0,0,0,0,75,5,0,0,3,72.24920635222178,0
1,0,0,1,1,0,1,1,0,0,0,0,0,29,1,0,1,1,1.5469387839947863,0
2,0,0,0,0,1,2,3,0,0,0,1,1,13,3,9,3,6,27.78396572114891,0
1,0,0,0,0,0,0,0,0,0,0,0,0,14,5,0,1,1,24.722949147869116,0
16,1,0,4,5,0,0,0,0,1,0,9,1,100,6,1,1,2,557.4437247486875,0
1,0,0,0,0,0,0,0,0,0,0,0,0,59,7,2,2,2,158.41623000085355,0
2,0,0,1,1,0,0,0,0,0,0,0,0,16,3,1,1,1,20.439125865809327,0
0,0,0,1,2,0,0,0,0,0,0,0,0,40,4,0,0,0,45.16301440703194,0
1,0,0,1,1,0,1,1,0,0,0,1,1,17,3,1,1,1,53.55463328752349,0
5,0,1,1,1,1,1,2,0,0,1,0,0,102,172,3,3,4,1599.2891014565637,0
0,0,4,0,0,0,0,9,0,0,0,0,1,111,66,22,0,1,262.3416967355861,0
2,0,0,1,2,0,1,0,0,0,0,0,0,37,14,33,0,39,62.385358007190376,0
2,0,0,2,1,0,1,1,0,0,0,0,0,52,2,18,0,1,176.79867653479477,0
5,0,1,19,1,1,1,2,0,0,1,0,0,98,186,3,4,3,2147.6184435683417,0
1,0,1,0,0,0,0,1,0,0,0,0,0,92,23,2,0,7,47.69556298054986,0
0,0,2,0,0,0,0,1,0,0,0,0,0,79,15,0,0,1,849.3680868775189,0
3,1,0,0,0,0,0,1,0,1,0,0,0,102,45,1,1,2,240.71441482423842,0
1,0,0,0,0,0,0,0,0,0,0,0,0,26,5,2,2,2,307.3683498457521,0
1,0,0,5,4,4,0,0,0,0,0,0,1,34,3,1,1,1,22.415925180975677,0
2,0,0,1,2,0,1,0,0,0,0,0,0,58,3,1,1,2,5.415600242997179,0
1,0,0,0,2,0,1,0,0,0,0,0,0,50,4,1,1,1,5.489961533003232,0
10,1,0,4,5,0,0,1,0,1,0,9,1,84,35,1,1,2,680.4987725754829,0
0,0,0,1,3,0,1,1,0,0,0,0,0,37,0,1,1,1,5.46205858950378,0
3,0,0,3,1,0,4,0,0,0,0,0,0,50,6,1,1,1,76.50426192991158,0
18,1,0,4,5,0,0,1,0,1,0,9,1,75,28,1,1,1,545.9180488481663,0
2,0,0,1,1,0,1,0,0,0,0,0,0,23,6,1,1,1,7.8502013853233485,0
25,0,0,1,1,1,1,0,0,0,1,0,0,61,164,3,10,4,2273.27486674415,0
0,0,0,0,0,0,1,0,0,0,0,0,0,53,2,1,1,1,50.58168730703852,0
4,0,1,1,0,0,0,0,0,0,0,0,0,47,5,2,2,2,178.2046824852187,0
6,1,0,4,5,0,0,0,0,1,0,9,1,57,30,1,1,2,189.26365006203943,0
3,0,2,0,0,0,0,1,0,0,0,0,0,68,19,0,0,33,62.56829987768316,0
1,0,0,1,2,0,0,1,0,0,0,0,0,45,1,1,1,1,3.9427426175686637,0
3,0,1,0,0,0,0,0,0,0,0,0,0,76,10,2,2,2,222.142835292401,0
0,0,0,1,2,0,1,0,0,0,0,0,0,27,1,1,1,1,19.16482485029254,0
1,0,0,1,2,0,1,0,0,0,0,0,0,21,1,1,1,0,21.715931327869686,0
13,1,0,4,5,0,0,0,0,1,0,9,0,93,33,1,1,2,395.887466541049,0
1,0,0,3,2,0,0,0,0,0,0,0,0,40,6,1,1,0,75.58298952650627,0
1,0,0,1,1,2,1,0,0,0,0,0,0,5,39,10,6,1,22.019769639622748,0
2,1,0,4,5,0,0,1,0,1,0,9,1,65,34,1,1,2,74.2814991564274,0
19,1,0,4,5,0,0,1,0,1,0,9,1,77,35,1,1,2,2340.715632092292,0
3,0,1,0,0,0,0,0,0,0,0,0,0,41,14,2,2,2,206.39852787954996,0
2,0,1,0,1,1,1,0,0,0,1,0,0,43,126,3,3,4,299.3822078158659,0
0,0,1,0,0,0,0,1,0,0,0,0,0,259,5,10,15,10,95.35669335497231,0
5,0,1,0,0,0,1,0,0,0,0,0,0,71,6,2,3,2,252.80402906390754,0
2,0,0,1,2,0,1,0,0,0,0,0,0,11,0,1,1,1,21.597024490558535,0
1,0,0,0,3,0,1,1,0,0,0,1,0,7,1,0,1,1,34.89525544514844,0
4,0,0,5,6,0,0,0,0,0,0,0,0,61,4,1,1,1,294.1557554467744,0
2,0,0,0,0,0,0,0,0,0,0,0,0,1,2,1,0,1,14.61514505218604,0
0,0,0,5,0,0,0,0,0,0,0,0,0,39,2,1,1,0,36.680095107266496,0
1,0,0,1,2,0,0,0,0,0,0,0,0,41,2,0,1,1,33.64911020614281,0
0,0,0,3,2,0,0,1,0,0,0,0,0,51,2,1,1,1,11.721679015381536,0
1,0,0,0,2,0,1,0,0,0,0,0,0,11,1,1,1,1,3.257312461113653,0
1,0,0,1,1,0,1,0,0,0,0,0,0,6,1,1,1,1,42.38141999968333,0
4,0,1,1,1,1,1,0,0,0,1,0,0,103,175,3,4,3,3131.069751678412,0
2,0,0,0,2,0,0,0,0,0,0,0,0,21,3,1,1,1,32.126984865650805,0
3,0,6,0,0,4,4,9,0,0,0,0,0,259,119,31,4,12,2389.0879445218734,0
1,0,0,1,2,0,0,0,0,0,0,0,0,10,4,1,1,1,41.650022573652535,0
3,0,0,5,3,0,1,1,0,0,0,0,0,46,20,10,1,1,74.80072754867956,0
3,0,1,1,1,1,1,0,0,0,1,0,0,69,126,7,4,4,464.78321637049913,0
2,0,1,0,0,0,0,0,0,0,0,0,0,4,9,2,2,2,224.39463887045204,0
1,0,0,1,1,0,1,0,0,0,0,0,0,33,4,1,1,3,23.18954345019655,0
6,0,1,1,1,1,1,0,0,0,1,0,0,103,207,4,4,3,3126.1465392599202,0
0,0,0,4,0,0,0,1,0,0,0,0,0,38,8,0,0,1,46.67748466875865,0
7,1,0,4,5,0,0,1,0,1,0,9,1,352,29,1,1,15,212.7130620035478,0
1,0,0,1,1,0,1,0,0,0,0,0,0,27,2,0,0,1,3.117282567699476,0
0,0,0,4,4,0,0,0,0,1,0,0,0,48,43,1,1,1,1677.7513761487594,0
0,0,0,0,0,0,0,0,0,0,0,0,0,47,8,2,2,2,12.246353941755203,0
2,0,0,2,2,0,0,1,0,0,0,0,0,18,2,0,1,1,11.529814987327839,0
0,0,0,0,1,0,1,1,0,0,0,0,0,27,2,0,1,1,47.64798721022349,0
0,0,0,1,2,0,0,1,0,0,0,0,0,4,1,0,1,0,17.136738654720922,0
2,0,2,5,19,0,0,0,1,0,0,0,0,253,18,10,6,1,212.60892187014423,0
2,0,0,0,0,0,0,0,0,0,0,0,0,44,7,2,0,2,7.7807995705173685,0
2,0,0,0,0,0,1,0,0,0,0,0,0,8,7,5,31,2,30.238834292196064,0
3,0,0,0,3,0,1,0,0,0,0,0,0,49,6,1,1,1,31.25767539086424,0
4,0,0,1,1,0,1,1,0,0,0,0,0,33,4,1,1,1,38.851699461002156,0
1,0,0,1,2,0,0,0,0,0,0,0,0,17,5,0,1,1,5.4816093613604,0
2,0,0,1,1,0,1,1,0,0,0,0,0,26,7,1,1,1,63.25787735445921,0
0,0,6,0,0,0,1,1,0,0,0,1,1,38,25,5,0,1,349.5007810503438,0
52,0,0,0,0,3,2,3,0,0,0,1,1,31,6,9,15,6,81.61769128515178,0
25,0,0,19,0,0,1,0,0,0,0,0,0,246,101,30,7,10,211.56963342052072,0
3,0,0,1,2,0,1,0,0,0,0,0,0,44,1,1,1,1,48.48849490465558,0
0,0,0,1,1,0,1,0,0,0,0,0,0,49,0,1,1,1,26.910693564001498,0
4,1,0,4,5,0,0,1,0,0,0,9,1,64,25,1,0,1,292.81113729378126,0
1,0,0,0,3,0,1,1,0,0,0,0,0,35,6,1,10,1,33.20812052827131,0
2,0,60,0,0,0,0,0,0,0,0,0,0,47,17,0,3,0,38.42570883971142,0
2,0,0,0,3,0,1,1,0,0,0,1,0,48,0,1,1,1,26.463381190149804,0
9,0,6,0,0,0,0,5,0,0,0,1,1,83,1,22,30,7,205.63438890722114,0
3,0,0,1,2,0,0,0,0,0,0,0,0,68,5,1,1,2,57.149012031775754,0
1,0,0,1,2,0,0,0,0,0,0,0,0,9,6,1,1,3,44.137025759506585,0
2,0,0,1,2,0,0,0,0,0,0,0,0,49,1,0,0,0,73.12990321017163,0
1,0,2,1,2,0,0,0,0,0,0,0,0,23,3,0,0,0,12.149187500927457,0
2,0,0,1,1,0,1,0,0,0,0,0,0,18,2,1,1,0,70.45436610971674,0
0,0,0,1,2,0,0,0,0,0,0,0,0,24,1,1,1,1,22.375138758054234,0
0,0,60,0,0,0,2,1,0,0,0,1,1,42,10,2,15,2,63.353152247092055,0
0,0,0,2,6,0,0,1,0,0,0,0,0,33,13,1,1,1,202.84050812112835,0
1,0,0,1,1,0,2,0,0,0,0,0,0,22,5,0,1,1,26.609118833643358,0
1,0,1,0,0,0,0,0,0,0,0,0,0,29,20,0,2,2,43.58271590992285,0
2,0,0,0,0,0,0,0,0,0,0,0,0,72,7,2,2,2,13.189471436637056,0
1,0,0,0,2,0,0,0,0,0,0,0,0,49,4,1,1,2,24.989451100884246,0
3,0,1,0,0,0,0,0,0,0,0,0,0,63,7,2,2,2,380.03906344133793,0
0,0,0,4,2,0,0,0,0,0,0,0,0,47,5,1,1,1,430.20520610502933,0
1,0,0,1,1,0,0,0,0,0,0,0,0,37,2,1,1,0,80.59594506595218,0
1,0,0,1,0,0,0,0,0,0,0,0,0,45,5,0,1,1,51.15290493090518,0
2,0,0,3,2,0,0,0,0,0,0,0,0,6,3,0,1,1,5.551900943022867,0
1,0,0,0,6,0,1,1,0,0,0,0,1,74,5,1,1,1,74.51541441869854,0
3,0,0,0,0,0,0,0,0,0,0,0,0,73,4,2,30,2,343.1556339767685,0
0,0,0,2,3,0,1,1,0,0,0,0,0,49,3,1,1,1,62.666368329865406,0
0,0,6,0,0,1,1,5,0,0,0,0,1,54,4,5,6,4,73.18248017769135,0
0,0,0,1,2,0,1,0,0,0,0,0,0,1,5,1,1,1,16.751083060664403,0
1,0,0,1,2,0,0,0,0,0,0,0,0,19,5,1,1,1,9.714583120611833,0
3,0,0,1,2,0,1,0,0,0,0,0,0,36,3,1,1,1,37.374381727283,0
2,0,0,1,2,0,0,0,0,0,0,0,0,65,6,0,1,0,63.15299189137649,0
3,0,0,1,1,1,1,1,0,0,0,0,0,73,1,1,1,1,2060.7416375427138,0
83,0,1,0,0,4,4,5,0,0,0,0,0,22,7,2,10,6,19.12796539661271,0
1,0,0,0,0,0,0,0,0,0,0,0,0,45,4,1,1,2,15.018013136196263,0
23,1,0,4,5,0,0,1,0,1,0,0,1,73,26,1,1,2,719.61490632894,0
4,1,0,4,5,0,0,1,0,1,0,9,1,98,31,1,1,2,2244.6588566373985,0
1,0,0,0,0,0,0,0,0,0,0,0,0,76,9,2,2,2,310.16918703518525,0
28,0,0,1,1,1,1,1,0,0,0,0,0,34,79,1,3,4,370.699577165208,0
3,0,7,1,1,1,1,0,0,0,1,0,0,89,124,3,3,3,2180.573909827839,0
1,0,0,2,0,0,1,1,0,0,0,1,1,25,11,1,0,1,70.5242486344452,0
1,0,1,0,0,0,0,0,0,0,0,0,0,59,10,2,2,2,146.6219629809962,0
6,0,0,1,1,1,1,0,0,0,1,0,0,96,244,4,3,4,2781.5728048587684,0
44,0,0,0,0,1,2,3,0,0,0,1,1,79,5,9,15,6,54.48915151679233,0
1,0,0,2,3,0,1,1,0,0,0,0,0,3,2,1,1,1,28.923264563388106,0
42,0,0,0,0,3,2,3,0,0,0,1,1,38,0,9,2,6,32.98770323782305,0
31,0,2,0,0,0,0,0,0,0,0,0,0,62,69,1,7,33,282.57523891565586,0
1,0,2,0,0,0,0,0,0,0,0,0,0,78,25,0,0,1,646.2283442270893,0
1,0,2,0,0,0,2,5,0,0,0,1,1,64,3,31,0,6,80.4872284354874,0
2,0,0,0,0,0,0,0,0,0,0,0,0,12,9,0,1,2,32.937764732877774,0
0,0,6,19,0,0,0,1,0,0,0,8,0,2,13,0,0,1,123.32508756627188,0
4,0,0,1,4,0,0,0,0,0,0,0,0,22,3,1,1,1,24.112076583398515,0
1,0,0,1,2,0,0,0,0,0,0,0,0,3,2,0,0,1,8.814021668855968,0
22,1,0,4,5,0,0,1,0,1,0,9,1,93,28,1,1,2,2388.4516352002047,0
4,0,0,0,0,3,2,0,0,0,0,1,0,43,6,0,15,6,56.02893614443603,0
2,0,0,0,0,0,0,0,0,0,0,1,1,29,27,0,0,3,65.36909728593444,0
1,0,0,1,2,0,1,0,0,0,0,0,0,36,5,1,1,0,16.93942990654542,0
5,0,0,1,2,0,0,0,0,0,0,0,0,3,1,1,1,1,71.2456908300817,0
0,0,1,0,0,0,0,0,0,0,0,0,0,44,8,0,0,1,29.366143521954882,0
1,0,0,2,3,0,1,1,0,0,0,0,0,45,3,1,1,1,41.15969845273833,0
0,0,0,1,2,0,0,1,0,0,0,0,0,4,2,0,1,0,24.818778217412568,0
2,0,0,1,2,0,1,0,0,0,0,0,0,4,2,1,1,1,43.28314707323115,0
2,0,0,1,2,0,1,0,0,0,0,0,0,16,1,1,1,1,3.426079737892689,0
2,0,3,0,0,0,0,0,0,0,0,0,0,50,2,2,2,2,367.5432262833144,0
0,0,0,1,1,0,0,0,0,0,0,0,0,23,0,1,1,1,104.11497526553367,0
1,0,0,3,1,0,1,0,0,0,0,0,0,55,4,1,1,1,36.91896440273858,0
4,0,7,1,1,0,0,0,0,0,0,0,0,391,123,10,22,4,372.2897315864243,0
16,1,0,4,5,0,1,1,0,1,0,9,1,87,30,1,1,1,837.4013728231014,0
3,0,5,0,0,0,0,0,0,0,0,0,0,447,71,2,22,2,221.6406969714907,0
2,0,0,1,2,0,0,0,0,0,0,0,0,22,1,0,1,0,18.965428875506174,0
0,0,0,1,2,0,1,0,0,0,0,0,0,57,4,1,1,1,30.93982364113147,0
15,1,0,4,5,0,0,1,0,1,0,9,1,88,27,1,1,2,413.3673321069023,0
2,0,0,1,1,1,1,0,0,0,0,0,0,27,2,5,1,1,24.65495907833543,0
3,0,1,1,1,0,1,0,0,0,0,0,0,41,6,1,1,1,266.3582243486651,0
0,0,0,1,2,0,0,0,0,0,0,0,0,84,5,0,1,0,17.0110667957409,0
3,0,1,0,0,0,0,0,0,0,0,0,0,319,95,2,2,2,62.93180811624376,0
5,1,0,4,5,0,0,1,0,1,0,9,1,84,24,1,0,2,1690.1429369750842,0
1,0,0,1,4,0,1,0,0,0,0,0,0,49,7,1,1,1,31.083815309906633,0
0,0,0,1,1,0,1,0,0,0,0,0,0,30,3,1,1,1,1.7092137558209863,0
38,0,1,1,1,1,1,2,0,0,1,0,0,646,136,4,3,4,331.64668096006477,0
1,0,0,2,3,0,1,0,0,0,0,0,0,38,5,1,1,1,49.84724598949869,0
1,0,0,1,1,10,1,0,0,0,0,0,0,24,6,12,22,4,138.61263592427565,0
0,0,0,2,3,0,1,1,0,0,0,0,0,43,5,1,1,1,7.929249143573507,0
3,0,2,0,19,0,1,0,0,0,0,0,0,51,51,22,22,12,146.16763016206298,0
1,0,0,1,1,0,1,0,0,0,0,0,0,7,1,1,1,1,4.2245674261123245,0
3,0,0,0,0,0,0,0,0,0,0,0,0,65,5,2,0,1,41.18449945673811,0
1,0,0,0,0,0,2,0,0,0,0,1,1,5,6,1,7,1,63.960798613083014,0
11,0,0,4,5,1,0,0,0,0,0,0,0,384,17,18,30,1,246.09958420544984,0
2,0,0,0,0,0,0,0,0,0,0,0,0,22,6,0,0,1,18.694968222709885,0
3,0,0,1,2,0,0,0,0,0,0,0,0,47,4,1,1,3,1741.3634670118165,0
13,0,2,13,0,0,0,0,0,0,0,0,0,227,16,22,22,12,252.45836356150414,0
2,0,0,2,3,0,1,1,0,0,0,0,0,41,7,1,1,1,27.589072313583827,0
22,0,2,13,19,10,0,5,0,0,0,0,0,206,51,3,22,12,113.77079734349701,0
30,0,0,0,0,10,1,1,0,0,0,1,1,55,50,22,0,6,2.4130243912913123,0
1,0,2,1,2,0,0,0,0,0,0,0,0,82,8,0,0,0,91.2740108076561,0
0,0,1,0,0,0,0,0,0,0,0,0,0,12,75,0,0,1,132.12720287548728,0
0,0,0,1,2,0,0,0,0,0,0,0,0,12,3,1,1,1,50.83171451471091,0
2,0,0,1,2,0,1,0,0,0,0,0,0,4,2,1,1,1,5.119107432819362,0
1,0,0,1,4,0,0,0,0,0,0,0,0,32,3,1,1,1,9.134791237118119,0
2,0,0,1,1,0,1,1,0,0,0,0,0,32,2,1,1,4,22.671546310245805,0
1,0,3,0,0,10,0,0,0,0,0,0,0,122,84,0,0,1,184.9016718627879,0
3,0,0,0,0,4,0,0,0,0,0,0,0,80,29,6,10,31,70.7525042176292,0
2,0,7,0,0,0,0,0,0,0,0,0,0,103,35,18,0,1,150.92703659414758,0
4,1,0,4,5,0,0,1,0,1,0,9,0,89,28,6,0,2,707.5047149449856,0
1,0,0,0,6,0,0,0,0,0,0,0,0,83,8,1,18,1,79.89918777833418,0
0,0,1,0,0,0,0,0,0,0,0,0,0,30,8,2,2,2,176.66105330127212,0
1,0,1,1,2,0,0,1,0,0,0,0,0,50,0,0,1,1,52.50385581700641,0
1,0,0,2,3,0,1,1,0,0,0,0,0,56,1,1,1,0,5.160600862126767,0
1,0,0,1,3,0,0,1,0,0,0,0,0,12,2,1,1,1,48.002990580963974,0
39,0,0,0,0,1,2,3,0,0,0,1,1,51,5,9,15,6,57.52648360289227,0
1,0,3,0,0,0,0,1,0,0,0,0,0,34,38,0,0,1,86.12035642464024,0
2,0,0,2,4,0,0,0,0,0,0,0,0,22,5,1,1,1,26.55594013521068,0
1,0,0,1,2,0,0,0,0,0,0,0,0,16,2,1,1,1,55.06882217947137,0
1,0,0,1,2,0,0,0,0,0,0,0,0,58,0,0,1,0,61.18530287275074,0
1,0,0,1,2,0,1,0,0,0,0,0,0,37,0,0,0,1,15.981884764990642,0
5,0,1,1,1,1,1,0,0,0,1,0,0,103,159,4,3,3,2601.7042375356773,0
1,0,0,1,2,0,1,0,0,0,0,0,0,15,0,1,1,1,24.53839145713696,0
33,0,0,1,1,1,1,0,0,0,1,0,0,98,206,3,4,4,100.14436053693177,0
0,0,0,3,1,0,1,0,0,0,0,0,0,36,3,1,1,1,2.906122117758155,0
1,0,2,0,0,0,0,1,0,0,0,0,0,44,21,0,0,1,309.44704611699984,0
21,0,2,13,0,10,0,0,0,0,0,0,0,92,24,0,22,12,155.66624528371517,0
35,0,0,0,0,3,2,0,0,0,0,1,0,53,6,10,4,6,62.38674027496742,0
1,1,0,4,5,0,0,1,0,1,0,9,1,71,33,1,1,2,629.8265869705883,0
0,0,0,1,2,0,1,0,0,0,0,0,0,12,2,0,1,1,9.261290896724645,0
4,0,0,3,4,0,0,0,0,0,0,0,0,54,6,1,1,1,3.192690018546813,0
5,0,1,0,6,0,0,0,0,0,0,0,0,30,6,31,0,1,264.67013116948124,0
0,0,0,0,0,0,0,0,0,0,0,0,0,14,2,1,0,1,38.12988539542563,0
2,0,4,13,0,0,0,0,0,0,0,0,0,183,37,0,0,1,188.14524203687608,0
1,0,8,0,0,0,0,1,0,0,0,0,0,352,35,22,7,1,428.4997625186071,0
0,0,2,5,0,0,0,1,0,0,0,0,0,321,56,0,0,1,498.2466175469948,0
1,0,1,0,0,0,0,1,0,0,0,0,0,54,21,0,2,2,561.7877438973808,0
0,0,0,0,2,0,0,0,0,0,0,0,0,17,4,1,1,1,20.290595569766207,0
1,0,0,0,0,0,1,0,0,0,0,0,0,60,4,1,1,1,25.804371422443392,0
1,0,0,1,2,0,0,0,0,0,0,0,0,41,6,1,1,0,37.15942820395348,0
1,0,0,2,3,0,1,1,0,0,0,0,1,37,3,1,1,1,44.93776280736341,0
1,1,0,4,5,0,1,1,0,1,0,1,1,62,26,1,1,2,69.61977749632996,0
4,0,0,0,0,0,1,0,0,0,0,0,0,53,8,1,1,2,33.186138479816854,0
1,0,0,1,4,0,0,0,0,0,0,0,0,18,0,1,1,1,0.28465983159140507,0
3,0,0,2,1,0,1,1,0,0,0,0,0,44,2,1,1,1,40.225960243343664,0
0,0,0,2,3,0,1,1,0,0,0,0,1,54,2,1,1,1,80.24231670698993,0
2,0,0,1,1,0,1,0,0,0,0,0,0,12,2,1,1,1,14.322103829951505,0
0,0,1,0,0,0,0,0,0,0,0,0,0,61,6,0,2,2,59.52913202387931,0
15,0,2,0,0,0,0,0,0,0,0,0,0,346,47,22,22,31,138.1965707844642,0
3,0,0,1,1,4,1,0,0,0,0,0,0,25,5,1,1,1,29.108296161543826,0
1,0,0,1,19,0,0,1,0,0,0,0,0,39,19,0,0,1,7.239132001884496,0
1,0,0,0,0,0,0,0,0,0,0,0,0,31,4,1,0,2,111.94446541891192,0
23,1,0,4,5,0,0,0,0,1,0,9,1,95,43,1,1,2,607.7758769606847,0
2,0,1,1,2,0,0,0,0,0,0,0,0,0,0,0,0,1,3.856844806413349,0
23,0,0,0,0,3,2,3,0,0,0,1,1,4,2,9,15,6,46.472537167815226,0
0,0,0,0,0,0,0,0,0,0,0,0,0,56,7,2,0,2,59.08872554691375,0
1,0,0,2,3,0,1,1,0,0,0,0,0,51,4,1,1,1,79.48459451720512,0
16,1,0,4,5,0,1,1,0,1,0,9,1,101,24,1,1,2,705.8041088293637,0
1,0,1,0,0,0,0,0,0,0,0,0,0,87,8,2,2,2,48.5381471424208,0
0,0,0,1,1,0,1,1,0,0,0,0,0,31,3,1,1,1,11.067391542413453,0
1,0,2,1,0,0,0,0,0,0,0,0,0,1,21,0,0,1,253.13452238502302,0
2,0,0,2,4,0,1,0,0,0,0,0,0,31,4,1,1,1,97.3572951064656,0
32,0,0,0,0,1,2,3,0,0,0,1,1,79,3,9,15,6,59.98101749099341,0
3,0,1,0,0,0,0,0,0,0,0,0,0,54,7,2,2,2,244.26851918103733,0
1,1,0,4,2,0,0,1,0,0,0,0,0,96,23,1,1,2,608.257537925309,0
0,0,0,1,2,0,0,0,0,0,0,0,0,24,3,0,1,0,14.209491635115052,0
0,0,0,0,0,0,0,0,0,0,0,0,0,64,0,0,0,1,27.515647954426655,0
1,0,0,1,2,0,0,0,0,0,0,0,0,56,4,1,1,1,1.0423548113805907,0
18,1,0,4,5,0,0,0,0,1,0,9,1,74,25,1,1,2,767.3953163111094,0
2,1,0,4,5,0,0,1,0,1,0,0,1,85,32,1,1,2,43.26444421925781,0
3,0,0,1,2,0,1,0,0,0,0,0,0,47,2,1,1,1,21.07191171000549,0
7,1,0,4,5,0,0,1,0,1,0,9,1,84,9,1,1,2,650.971666202743,0
2,0,1,0,0,0,0,1,0,0,0,0,0,69,27,0,0,1,89.74562898217322,0
0,0,0,1,3,0,0,0,0,0,0,0,0,16,2,1,1,0,10.489348354637688,0
1,0,1,1,1,0,0,0,0,0,1,0,0,44,134,0,6,7,323.89367244752975,0
1,0,0,1,2,0,1,0,0,0,0,0,0,11,1,1,1,1,12.845193792666592,0
13,0,0,4,5,1,1,1,0,1,0,9,1,69,32,1,1,2,89.08153820128635,0
2,0,0,0,0,0,1,0,0,0,0,0,0,42,9,1,1,2,25.91903389044915,0
1,0,0,1,2,0,0,0,0,0,0,0,0,22,4,1,1,1,4.8525079138299905,0
16,0,2,19,19,10,0,0,1,0,0,0,0,319,33,22,7,12,123.53022834946083,0
2,0,0,1,0,0,0,0,0,0,0,0,0,37,2,0,0,0,28.359123352380074,0
1,0,4,1,2,0,0,0,0,0,0,0,0,2,57,0,22,1,257.0636040389952,0
0,0,0,1,1,0,1,1,0,0,0,0,0,10,1,1,1,1,9.569093995078195,0
2,0,0,1,1,0,1,2,0,0,0,0,0,82,7,3,0,3,50.1133270945817,0
1,0,0,2,1,0,1,0,0,0,0,0,0,27,6,1,1,2,56.71940610906813,0
0,0,0,1,1,0,1,0,0,0,0,1,0,27,3,1,1,1,16.917036533657313,0
24,0,7,19,6,0,0,0,0,0,0,0,0,162,102,1,7,3,210.5228722836539,0
3,0,0,0,1,0,0,0,0,0,0,0,0,52,1,0,1,1,31.563559277527343,0
2,0,6,0,0,0,1,0,0,0,0,0,0,32,6,0,0,1,36.75594569103234,0
2,0,0,1,2,0,0,0,0,0,0,0,0,30,2,1,1,1,14.691340812886185,0
1,0,0,1,2,0,1,1,0,0,0,0,0,37,0,1,1,1,56.53588375866897,0
1,1,0,4,5,0,0,1,0,1,0,9,1,71,35,1,1,2,104.14261585229387,0
5,0,0,2,3,0,0,1,0,0,0,0,0,40,0,1,1,1,27.31509123977503,0
2,0,0,1,1,1,1,0,0,0,0,0,0,35,146,4,1,15,70.31753973978587,0
2,0,1,1,1,1,1,0,0,0,0,0,0,431,148,3,3,4,297.3220738907258,0
2,0,2,0,0,4,0,0,0,0,0,1,0,75,27,18,5,7,327.4205540195709,0
1,0,0,1,0,0,0,1,0,0,0,0,0,16,15,0,1,1,77.01576631140955,0
0,0,0,0,0,0,0,0,0,0,0,0,0,43,7,2,2,2,34.11436666510025,0
1,0,1,0,0,0,0,0,0,0,0,1,0,21,8,2,2,2,54.59566595161232,0
1,0,0,1,2,0,1,0,0,0,0,0,0,2,2,0,1,1,25.388940093449513,0
3,0,1,0,1,1,2,5,0,0,0,0,0,98,161,4,4,4,115.15554914773378,0
2,0,1,0,0,0,0,0,0,0,0,0,0,80,12,2,2,2,318.29035073505395,0
5,0,0,1,6,1,1,0,0,0,0,0,0,48,89,5,10,4,81.83869449750553,0
2,0,0,5,2,0,1,0,0,0,0,0,0,25,7,1,1,1,26.871483960325726,0
34,0,2,3,4,0,0,0,0,0,0,0,0,505,77,1,7,39,155.26755473860442,0
1,0,0,1,2,0,1,0,0,0,0,0,0,8,1,0,1,1,54.47890967444427,0
2,0,6,0,0,0,0,0,0,0,0,0,0,44,28,2,2,2,273.9235621703124,0
8,1,0,4,1,0,1,1,0,1,0,9,1,73,30,1,1,2,27.132057762297027,0
32,0,1,0,0,0,4,5,0,0,0,0,0,275,57,3,22,12,192.92480051438375,0
1,0,0,1,1,0,1,0,0,0,0,0,0,60,5,1,1,1,3.5180435640696004,0
0,0,0,1,6,0,0,0,0,0,0,0,0,69,16,0,0,0,63.539642301012535,0
2,0,0,0,0,0,1,0,0,0,0,0,0,35,7,0,0,1,39.14180880620958,0
3,0,1,0,0,0,0,0,0,0,0,0,0,417,5,2,2,2,134.63992380405054,0
1,0,0,1,2,1,1,0,0,0,0,0,0,9,17,0,0,1,3.4955776946831634,0
0,1,0,4,5,0,1,1,0,1,0,9,1,63,17,1,1,2,660.2721845955211,0
40,0,0,19,1,1,1,0,0,0,1,0,0,288,161,5,4,4,404.86950199605053,0
0,0,0,0,0,0,1,1,0,0,0,0,0,45,5,0,0,0,38.78013898654435,0
1,0,0,1,2,0,0,0,0,0,0,0,0,16,2,1,1,1,14.300151775982197,0
1,1,0,2,5,0,0,1,0,1,0,9,0,99,28,1,1,2,56.37849026005543,0
3,0,1,1,1,1,1,1,0,0,1,0,0,105,190,4,0,0,67.48809202015566,0
3,0,0,1,1,1,1,0,0,0,1,0,0,92,151,3,3,1,71.7700927494994,0
3,0,1,1,1,1,1,0,0,0,1,0,0,384,159,3,3,4,383.86273961869927,0
2,0,0,0,0,0,1,0,0,0,0,0,1,68,32,1,0,15,54.17654131921414,0
67,0,0,0,0,4,1,1,0,0,0,0,1,9,3,30,7,10,47.276757612100184,0
0,0,0,1,2,0,1,0,0,0,0,0,0,27,3,0,1,1,26.138555518541875,0
0,0,0,0,6,0,1,1,0,0,0,0,0,1,3,1,0,1,30.31970149215276,0
2,1,0,0,0,0,0,0,0,0,0,0,0,85,8,1,1,2,43.598958463303035,0
1,1,0,4,5,0,0,1,0,1,0,9,1,95,34,1,1,2,61.109354333000695,0
14,0,8,5,19,10,1,0,0,0,0,3,0,68,26,22,22,12,91.4942988691866,0
1,0,1,0,0,0,0,0,0,0,0,0,0,91,19,0,0,10,45.29683679344734,0
2,1,0,4,5,0,1,0,0,1,0,9,1,77,42,1,1,2,366.0334092185638,0
1,0,0,0,0,0,0,0,0,0,0,0,0,59,2,0,1,1,45.7875058792786,0
1,0,0,1,0,0,1,0,0,0,0,0,0,35,6,1,1,1,26.630651010170368,0
7,0,2,19,19,10,0,5,0,0,0,0,0,29,43,22,22,12,106.84228527114064,0
1,0,0,1,2,0,1,0,0,0,0,0,0,15,1,0,1,1,44.941853376703634,0
0,0,2,0,0,0,0,1,0,0,0,1,0,64,14,0,0,1,28.616363929888998,0
2,0,1,0,0,0,0,0,0,0,0,0,0,42,9,2,2,2,340.1360595332676,0
0,1,0,4,0,0,0,1,0,0,0,9,1,53,20,1,0,1,699.2188858566149,0
1,0,1,1,2,0,0,0,0,0,0,0,0,16,7,0,0,0,33.409921646722225,0
1,0,0,1,2,0,0,0,0,0,0,0,0,39,3,0,1,0,48.35104451882535,0
10,0,2,0,0,0,0,3,0,0,0,1,1,285,21,0,0,1,36.18971293836165,0
99,0,0,0,1,2,1,0,0,0,0,1,0,63,4,4,4,4,79.31148089712711,0
1,0,2,0,0,0,0,1,0,0,0,1,1,62,15,0,0,1,59.98096307100218,0
3,0,0,1,1,1,1,0,0,0,1,0,0,60,123,3,3,3,1034.7868602766926,0
2,0,0,1,1,0,1,0,0,0,0,0,0,5,1,1,1,1,47.392060875502594,0
0,0,1,0,0,0,0,0,0,0,0,0,0,75,34,0,0,1,152.99967473636022,0
0,0,0,1,3,0,1,1,0,0,0,0,0,18,0,1,1,1,57.05011639572692,0
1,0,1,0,0,0,0,0,0,0,0,0,0,52,5,2,2,2,30.325671365189862,0
1,0,0,0,0,0,1,0,0,0,0,0,0,86,7,6,1,6,26.603831931496096,0
2,0,60,3,0,0,0,0,0,0,0,8,0,291,50,18,7,4,280.68745428511465,0
1,0,0,0,1,0,1,0,0,0,0,0,0,27,2,1,1,1,37.04705817807796,0
1,0,0,1,1,0,1,0,0,0,0,0,0,22,4,1,1,0,49.10494642522633,0
1,0,0,0,0,0,0,0,0,0,0,0,0,36,15,1,7,0,30.111153201790117,0
32,0,1,1,1,1,1,0,0,0,1,0,0,520,175,3,3,3,301.51749835264167,0
1,0,3,0,0,0,0,0,0,0,0,0,0,365,24,7,7,1,215.19843779105258,0
2,1,0,4,5,0,0,0,0,1,0,9,1,80,41,1,1,2,16.004050707665435,0
1,0,0,5,2,0,0,0,0,0,0,0,0,17,1,0,1,1,23.722403660239966,0
22,0,0,0,0,3,2,3,0,0,0,1,1,56,3,9,15,6,73.80733051690743,0
2,0,1,0,0,0,0,0,0,0,0,0,0,90,11,2,2,2,335.060564996251,0
1,0,0,1,1,0,0,1,0,0,0,0,1,66,9,0,0,1,57.555645462188664,0
3,0,0,1,4,0,0,0,0,0,0,0,0,50,6,1,1,1,0.024352687577096077,0
30,0,0,0,1,0,4,0,0,0,0,0,0,73,46,5,4,4,335.2511662697557,0
1,0,0,2,3,0,1,1,0,0,0,0,1,31,3,1,1,1,7.181029591256001,0
0,0,0,1,1,0,1,1,0,0,0,0,0,6,3,1,1,1,33.607263953892314,0
0,0,0,0,1,0,0,0,0,0,0,0,0,32,2,0,0,1,44.03917991229845,0
0,0,0,1,1,0,1,0,0,0,0,0,0,3,0,1,1,0,43.54493573801652,0
3,0,1,0,0,0,0,0,0,0,0,0,0,32,10,2,2,2,234.40272772245703,0
1,1,0,4,5,0,0,1,0,1,0,0,0,82,4,1,1,2,501.5174897214367,0
0,0,0,1,4,0,0,0,0,0,0,0,0,29,4,0,1,1,55.98298027584838,0
2,0,0,1,2,0,0,0,0,0,0,0,0,19,4,0,0,0,20.519372614376117,0
1,0,0,1,2,0,0,0,0,0,0,0,0,37,2,0,1,0,0.0783336908703447,0
15,1,0,4,5,0,0,1,0,1,0,9,1,94,34,1,1,2,711.6170752162786,0
1,0,0,1,4,0,0,0,0,0,0,0,0,27,3,1,1,1,5.119894708692378,0
3,0,0,1,3,0,1,0,0,0,0,0,0,13,3,1,1,1,48.07328851162542,0
3,0,1,0,0,1,0,0,0,0,0,0,0,75,74,3,0,3,67.33747199644961,0
11,1,0,4,5,0,0,1,0,1,0,9,1,86,27,1,1,2,124.08635862628407,0
2,0,0,1,6,0,0,0,0,0,0,0,0,3,2,0,1,1,14.597858088474304,0
3,0,0,2,3,0,1,0,0,0,0,0,0,17,6,1,1,1,54.76611662011983,0
0,0,0,1,1,0,1,0,0,0,0,0,0,4,0,1,1,1,5.581463306244647,0
4,0,1,1,1,1,1,0,0,0,1,0,0,88,169,4,3,3,2957.9649287801462,0
1,0,1,0,0,1,1,0,0,0,0,0,0,28,8,2,2,2,6.3990741793798485,0
1,1,0,4,5,0,0,1,0,1,0,9,1,90,25,1,1,1,24.02530209339462,0
16,0,0,13,19,10,0,9,0,0,0,0,0,287,16,6,22,12,99.59345037212776,0
1,0,2,1,1,0,1,1,0,0,0,0,1,17,11,0,0,1,31.692965481655044,0
2,0,1,0,0,0,0,0,0,0,0,0,0,52,8,2,2,2,248.96255452124308,0
2,0,0,1,3,0,1,1,0,0,0,0,0,8,2,1,1,1,46.39446987640692,0
1,0,0,1,2,0,1,0,0,0,0,0,0,1,6,1,1,1,1.5338694330927574,0
1,0,0,0,0,0,1,1,0,0,0,1,1,45,5,0,0,1,64.7404883393246,0
34,0,1,1,0,1,1,0,0,0,1,0,0,46,184,3,3,3,2188.6129066266376,0
3,1,0,4,5,0,0,1,0,1,0,9,1,77,9,1,1,2,650.8483951484498,0
0,0,2,5,0,0,0,0,0,0,0,0,0,37,51,31,7,15,79.68640851975027,0
2,0,0,1,1,0,1,0,0,0,0,0,0,25,1,1,1,1,10.457399674800804,0
1,0,0,0,2,0,1,0,0,0,0,0,0,60,3,0,1,1,18.542481628734578,0
4,0,0,1,0,0,2,0,0,0,0,1,0,64,8,10,6,6,84.17588074453401,0
1,0,4,0,0,0,0,0,0,0,0,0,1,21,7,9,7,2,38.15978011060383,0
0,0,2,1,0,0,0,0,0,0,0,0,0,67,36,0,0,0,47.46183093224917,0
21,1,0,4,5,0,0,0,0,1,0,9,1,87,32,1,1,2,689.0927101000138,0
0,0,1,0,0,0,0,0,0,0,0,0,0,23,7,2,2,2,185.33530253421404,0
2,0,2,0,19,10,0,0,0,0,0,0,0,113,117,0,0,12,155.49422724641818,0
1,0,0,1,2,0,0,0,0,0,0,0,0,33,1,0,0,1,48.5292572920809,0
1,0,2,0,0,0,0,1,0,0,0,0,0,74,17,0,0,1,54.40344365861641,0
0,0,0,2,0,0,0,0,0,0,0,0,0,14,5,1,1,1,109.59477083169354,0
2,0,0,5,3,0,0,1,0,0,0,0,0,3,2,0,1,1,11.717440668555131,0
2,0,0,1,2,0,1,0,0,0,0,0,0,8,3,0,1,0,21.986721512703177,0
0,0,0,1,1,0,1,0,0,0,0,0,0,4,5,1,1,1,35.83541884150677,0
2,0,0,0,0,0,0,0,0,0,0,0,0,38,4,1,0,1,38.95887419171564,0
1,0,0,1,2,0,0,0,0,0,0,0,0,28,2,0,1,0,15.124207336577914,0
2,0,0,2,3,0,1,1,0,0,0,0,0,12,0,1,1,1,11.658915079004913,0
3,0,0,0,0,0,0,0,0,0,0,0,1,39,3,0,10,4,77.25457211689188,0
2,0,0,1,0,0,0,0,0,0,0,0,0,3,46,1,1,1,44.84723650422896,0
3,0,0,3,0,0,0,0,0,0,0,0,0,11,2,1,1,0,12.702575321669936,0
1,0,1,0,0,0,0,1,0,0,0,0,0,67,17,0,0,1,838.1399558322248,0
1,0,0,1,1,0,1,1,0,0,0,0,1,10,16,1,1,1,35.9246476731148,0
6,0,0,1,1,1,1,0,0,0,1,0,0,83,161,4,3,3,2909.4354839289254,0
1,0,0,1,1,0,1,1,0,0,0,0,0,50,2,1,1,1,38.58499615401951,0
0,0,0,0,0,0,0,0,0,0,0,0,0,22,3,0,0,1,230.8685674426737,0
0,0,1,1,1,0,1,1,0,0,0,0,0,21,85,3,0,1,265.46973257891557,0
1,0,0,0,2,0,1,0,0,0,0,0,0,13,2,1,1,1,17.56403791354057,0
0,0,0,1,0,0,1,1,0,0,0,0,0,2,1,1,1,1,12.334051821100136,0
3,1,0,4,5,0,0,1,0,1,0,9,1,80,31,1,1,2,854.3963833398568,0
3,0,0,1,3,0,1,0,0,0,0,0,0,34,4,1,1,1,30.7818015916193,0
2,0,0,0,2,0,1,0,0,0,0,0,0,22,4,1,1,1,15.076659746736983,0
2,0,0,1,0,0,0,0,0,0,0,0,0,42,0,0,1,1,42.55311325799043,0
2,0,0,1,2,0,1,0,0,0,0,0,0,52,3,0,1,1,6.501049986931877,0
14,1,0,4,5,0,0,1,0,1,0,9,1,101,27,1,1,2,892.0749545228578,0
1,0,0,1,2,0,0,0,0,0,0,0,0,1,5,1,1,0,6.973334397745738,0
2,0,0,1,2,0,1,0,0,0,0,0,0,47,5,1,1,1,0.07175794193096507,0
1,0,0,0,3,0,0,0,0,0,0,0,0,42,6,1,1,1,20.524588317034862,0
3,0,1,0,0,0,0,0,0,0,0,0,0,57,10,2,2,2,178.54185914622292,0
1,0,0,3,1,0,1,1,0,0,0,0,0,55,6,1,1,1,63.733373841765015,0
1,0,0,0,0,0,1,1,0,0,0,0,0,9,6,0,1,1,41.06965876326109,0
0,0,0,1,4,0,0,1,0,0,0,0,1,25,3,0,0,1,55.588801767426574,0
1,0,0,1,1,0,1,0,0,0,0,0,0,75,5,1,1,1,39.685939786445125,0
1,0,0,1,2,0,0,0,0,0,0,0,0,33,7,1,1,1,2.2006081365625683,0
1,0,0,2,3,0,1,1,0,0,0,0,0,31,2,1,1,1,5.235394274073142,0
3,0,1,0,0,0,0,0,0,0,0,0,0,50,11,2,2,2,176.24967202033784,0
4,0,0,0,1,0,1,0,0,0,0,0,0,57,6,2,1,1,87.17038066954247,0
3,1,0,4,5,0,0,1,0,1,0,9,1,73,26,1,1,2,2169.1179514207697,0
2,0,0,1,2,0,0,0,0,0,0,0,0,34,4,0,1,1,45.07755869481534,0
2,0,0,0,3,0,1,0,0,0,0,0,0,7,1,1,1,1,40.120379832433,0
18,1,0,4,1,0,0,0,0,1,0,0,0,313,38,1,1,1,449.47056943510137,0
2,0,2,0,0,0,0,0,0,0,0,1,0,15,3,0,0,6,795.8840990638248,0
1,0,0,1,2,1,0,0,0,0,0,0,0,78,18,0,0,3,41.97380700942841,0
3,1,0,4,5,0,1,1,0,1,0,9,1,107,29,1,1,2,789.6328225830932,0
1,0,1,0,0,0,0,0,0,0,0,0,0,64,2,0,0,1,50.535571806476625,0
0,0,0,1,2,0,1,1,0,0,0,0,0,31,1,0,1,1,26.2114184447896,0
2,0,0,1,1,4,1,0,0,0,0,0,0,363,6,3,1,3,48.27633856887489,0
1,0,2,19,0,0,0,0,0,0,0,0,0,6,18,1,22,12,6.326166420129329,0
0,0,2,1,1,0,0,1,0,0,0,0,0,17,1,0,0,1,59.38609451895026,0
2,0,0,0,0,0,1,0,0,0,0,0,1,19,8,1,1,1,17.104944681849066,0
1,0,0,1,3,0,1,0,0,0,0,0,0,2,2,1,1,1,0.31171019522837184,0
1,0,0,1,2,0,0,5,0,0,0,0,0,28,3,1,1,1,62.23605131927249,0
1,0,0,1,2,0,1,0,0,0,0,0,0,48,2,1,1,1,8.575345954362687,0
1,0,1,0,6,0,0,0,0,0,0,0,0,68,53,3,1,7,266.68143000913835,0
1,0,1,0,0,0,0,1,0,0,0,0,0,39,10,2,0,2,248.68457294323196,0
22,1,0,4,5,0,0,1,0,1,0,9,1,105,34,1,1,2,828.7568557339322,0
1,0,0,5,2,0,0,0,0,0,0,0,0,36,2,0,1,1,22.506839671811814,0
1,0,1,0,0,0,0,0,0,0,0,0,0,56,5,1,0,1,294.4786567086459,0
1,0,0,1,2,0,1,0,0,0,0,0,0,2,1,1,1,1,23.82548276962406,0
35,0,0,1,1,0,1,0,0,0,0,0,0,36,1,1,1,0,22.444129701926485,0
8,0,10,0,19,10,1,0,0,0,0,0,0,80,69,22,22,12,34.57044127866658,0
8,0,0,0,0,1,0,1,0,0,0,8,1,64,21,7,31,2,715.4731522083594,0
1,0,0,1,4,0,1,0,0,0,0,0,0,32,0,1,1,1,24.71750714874687,0
5,0,0,0,0,0,0,0,0,0,0,0,0,65,10,2,2,2,306.8817895709321,0
2,0,35,5,2,0,0,0,0,0,0,0,0,31,1,1,1,0,37.95553644154688,0
4,0,1,1,1,1,1,0,0,0,1,0,0,90,178,3,3,4,2975.8418819589597,0
5,1,0,4,5,0,0,1,0,1,0,9,1,97,38,1,1,2,249.0656859612408,0
2,0,2,0,0,0,0,0,0,0,0,0,0,184,19,0,0,1,53.03855512890431,0
1,1,0,4,5,0,0,1,0,1,0,9,1,104,27,1,1,2,628.2029201337793,0
30,0,1,1,1,1,1,0,0,0,1,0,0,589,153,3,4,4,3129.4543428630604,0
0,0,0,1,2,0,1,0,0,0,0,0,0,27,0,0,1,1,34.853436012883606,0
1,0,0,0,1,0,1,0,0,0,0,8,1,23,2,1,1,15,7.501202353614412,0
1,0,0,0,6,0,0,0,0,0,0,0,0,65,24,30,18,1,199.65996501114452,0
3,0,1,0,0,0,0,0,0,0,0,0,0,55,3,33,18,2,61.91024608782256,0
1,0,3,0,0,0,0,0,0,0,0,0,0,477,18,0,0,10,267.7696609790455,0
5,0,0,0,0,1,2,1,0,0,0,1,1,74,5,10,10,6,108.09251635095075,0
2,0,0,1,2,0,1,0,0,0,0,0,0,33,7,1,1,1,56.123717629148445,0
1,1,0,4,5,0,0,0,0,1,0,9,0,60,26,1,1,2,17.774422928491983,0
1,0,0,0,0,0,0,0,0,0,0,0,0,12,1,1,0,1,25.65839115648897,0
1,1,0,2,3,0,0,1,0,0,0,0,0,51,6,1,1,2,22.586881955401566,0
1,0,0,0,1,0,1,0,0,0,0,0,0,10,0,1,30,1,128.24561337199032,0
14,0,2,5,6,0,0,0,0,0,1,0,0,401,80,12,10,4,266.6998968576454,0
3,0,1,0,0,0,0,0,0,0,0,0,0,91,8,2,2,2,57.64039552851908,0
2,0,0,2,1,0,1,1,0,0,0,0,0,5,3,1,1,1,7.435992692132267,0
3,0,1,0,0,0,0,0,0,0,0,0,0,96,11,2,2,2,452.8579296269824,0
2,0,1,1,0,0,1,0,0,0,0,0,0,33,11,0,38,7,296.69009464466296,0
17,0,2,19,19,10,0,0,0,0,0,3,0,413,55,22,22,12,271.34678025757785,0
84,0,0,0,0,3,2,3,0,0,0,1,1,50,4,10,10,6,70.75853395265663,0
2,0,0,1,3,0,1,0,0,0,0,0,0,47,3,1,1,1,16.396224973160514,0
1,0,0,3,2,0,0,0,0,0,0,0,0,68,8,0,1,1,41.85385809277532,0
16,0,2,19,19,10,1,0,0,0,0,0,0,129,33,22,22,12,154.8999367252738,0
1,0,0,1,1,0,1,1,0,0,0,0,0,0,4,1,1,1,40.69064347839357,0
1,0,0,0,0,1,0,0,1,0,0,0,0,89,25,1,0,10,62.4549901999592,0
0,0,0,1,2,0,1,0,0,0,0,0,0,32,3,1,1,1,24.013587736784068,0
1,0,0,2,1,0,1,1,0,0,0,0,0,78,2,1,1,1,19.815030427106507,0
1,0,0,1,2,0,1,0,0,0,0,1,0,39,2,1,1,1,31.346017176615337,0
2,0,0,1,2,4,0,0,0,0,0,0,0,27,12,0,0,0,61.00353647406837,0
2,0,0,2,3,0,1,1,0,0,0,0,0,9,2,1,1,1,18.806080927124135,0
1,0,0,1,1,0,1,1,0,0,0,0,0,74,1,1,1,1,37.44546149181834,0
1,0,2,0,0,0,0,0,0,0,0,0,0,33,22,0,0,1,134.05239869104537,0
1,0,0,1,2,0,1,0,0,0,0,0,0,35,3,1,1,1,47.39386580521147,0
1,0,1,1,2,0,0,0,0,0,0,0,0,62,2,2,0,2,218.82601859857738,0
5,0,0,1,1,1,1,0,0,0,1,0,0,81,243,3,3,6,3556.5164397472645,0
0,0,0,1,2,0,1,1,0,0,0,0,0,4,3,0,1,1,15.243017514914676,0
1,0,0,0,0,0,1,0,0,0,0,0,0,75,7,1,1,1,68.48594786320861,0
1,0,0,0,0,0,0,0,0,0,0,0,0,61,6,2,2,2,21.00262644468071,0
3,0,0,0,1,0,1,0,0,0,0,0,0,15,9,1,1,1,28.331553277826927,0
5,0,1,0,0,0,0,0,0,0,0,0,0,82,11,2,2,2,146.54957281547664,0
49,0,0,0,0,0,0,0,0,0,0,0,1,48,3,0,10,1,64.23943985214017,0
2,0,0,1,1,0,1,0,0,0,0,0,0,47,0,1,1,1,16.162392991615928,0
1,0,0,0,2,0,1,0,0,0,0,0,0,25,1,1,1,1,15.85765072752871,0
2,0,6,0,0,0,0,0,0,0,0,0,0,2,26,0,0,1,264.9303263193893,0
2,0,0,1,1,0,1,0,0,0,0,0,0,28,1,3,1,1,48.194423784087164,0
0,0,0,0,0,0,0,1,0,0,0,0,0,24,7,1,0,1,62.472386457153306,0
0,0,0,0,0,0,2,3,0,0,0,1,1,26,3,9,15,6,13.670071158619738,0
14,0,1,0,6,0,1,9,0,0,0,0,0,51,133,33,6,31,372.92901639892943,0
4,0,0,2,3,0,1,1,0,0,0,0,0,51,5,1,1,1,67.8740059459105,0
2,0,5,0,0,0,0,0,0,0,0,0,0,35,68,1,1,2,162.27106674684546,0
1,0,2,0,0,0,0,1,0,0,0,0,0,75,22,0,0,1,332.8862636896491,0
1,0,0,3,1,0,1,0,0,0,0,0,0,25,6,1,1,1,22.967206948057846,0
38,0,0,0,0,3,2,3,0,0,0,1,1,14,2,9,15,6,52.58617875172831,0
2,0,1,0,0,0,1,0,0,0,0,0,0,62,19,0,0,0,63.16822948891877,0
0,0,0,1,2,0,0,0,0,0,0,0,0,28,2,0,1,1,20.494162553442322,0
2,0,2,0,0,0,0,1,0,0,0,0,0,27,3,5,1,1,188.86695713275276,0
2,0,0,1,2,0,0,1,0,0,0,0,0,49,0,0,1,0,165.8266229656028,0
17,1,0,4,5,0,0,1,0,1,0,9,1,64,29,1,1,2,7.767934684592383,0
1,0,0,1,1,1,1,0,0,0,1,0,0,87,117,4,4,3,3037.792088790673,0
1,0,2,1,0,0,0,1,0,0,0,0,0,31,5,0,0,1,44.29502643103223,0
2,0,0,0,4,0,1,1,0,0,0,0,0,49,1,1,1,1,13.1641303142244,0
4,0,0,0,1,4,1,0,0,0,0,0,0,34,22,4,10,31,74.02838089325358,0
0,0,0,1,6,0,0,1,0,0,0,0,0,38,12,1,1,1,59.56550271801298,0
3,0,0,3,3,0,0,0,0,0,0,0,0,41,6,1,1,1,30.878529498017777,0
2,0,0,1,1,0,1,0,0,0,0,0,0,12,0,1,1,1,7.976429461963658,0
1,0,0,2,1,0,1,1,0,0,0,0,0,21,3,1,1,1,16.255884205546483,0
5,1,0,4,5,0,0,1,0,1,0,9,1,43,27,1,1,2,47.19911298262372,0
1,0,0,1,2,0,0,0,0,0,0,0,0,33,3,0,1,0,41.5464540743574,0
2,0,0,2,3,0,1,1,0,0,0,0,0,42,2,1,1,1,3.651904951478711,0
1,0,2,0,0,0,0,0,0,0,0,0,0,423,37,0,0,1,222.9665796889753,0
1,0,0,0,4,0,1,1,0,0,0,0,0,33,4,1,1,1,9.557429976959517,0
0,0,0,1,4,0,1,0,0,0,0,0,0,47,5,1,1,1,27.343989162114,0
2,0,0,1,2,0,0,1,0,0,0,0,0,31,4,0,0,1,68.9828459190625,0
2,0,0,0,0,0,1,0,0,0,0,0,0,2,3,0,1,1,30.204287574768202,0
1,0,0,1,3,0,1,0,0,0,0,0,0,17,0,1,1,1,19.12373662997226,0
1,0,0,1,0,0,0,1,0,0,0,0,0,55,1,1,1,0,35.37844873321281,0
2,0,1,0,0,0,1,0,0,0,0,0,0,57,9,2,38,2,221.60510620948443,0
1,1,0,4,5,0,0,1,0,1,0,9,1,70,22,1,1,2,514.2438034936793,0
2,0,0,2,0,0,1,0,0,0,0,0,0,20,0,1,1,1,216.502729097912,0
1,0,1,0,0,0,0,0,0,0,0,0,0,73,6,0,2,2,12.080831003452875,0
4,1,0,4,5,0,0,1,0,1,0,9,0,69,31,1,1,2,735.6851976319549,0
0,1,0,4,5,0,0,0,0,1,0,0,0,82,20,1,1,2,513.8333382433295,0
1,0,0,1,1,0,1,0,0,0,0,0,0,18,0,0,1,1,67.49060985174955,0
3,0,0,1,1,0,0,0,0,0,0,0,0,44,5,0,7,4,41.82384546761614,0
3,0,1,0,0,0,0,0,0,0,0,0,0,69,7,2,2,2,272.04237284280936,0
1,0,0,1,1,0,1,0,0,0,0,0,0,1,3,1,1,1,9.376843585086817,0
6,0,1,1,1,1,1,0,0,0,1,0,0,100,229,3,1,3,3065.3965032195865,0
0,0,0,1,3,0,1,1,0,0,0,0,1,58,3,1,1,1,56.21825240990066,0
2,0,0,0,0,0,0,0,0,0,0,0,0,32,6,2,2,2,69.7442396442551,0
3,0,0,2,3,0,1,0,0,0,0,0,0,67,7,1,1,1,7.354855206219165,0
1,0,0,1,1,0,0,0,0,0,0,0,0,2,1,0,1,1,32.98928284155825,0
5,0,1,5,6,1,0,0,0,0,0,0,0,424,195,6,5,4,338.66570685194574,0
3,0,0,2,2,0,0,0,0,0,0,1,0,26,6,1,1,1,53.745959464663926,0
2,0,2,1,0,0,0,0,0,0,0,0,0,19,5,0,0,1,24.074315911989043,0
4,0,0,1,2,1,1,0,0,0,0,0,0,35,97,3,3,3,85.31628431259502,0
3,0,0,1,1,0,1,1,0,0,0,1,1,17,4,1,1,1,9.341209374834362,0
2,0,0,1,1,0,1,0,0,0,0,0,0,16,1,1,1,1,36.82173401842115,0
3,0,0,1,2,0,0,0,0,0,0,0,0,61,6,1,1,1,52.5373458796047,0
1,0,0,1,2,0,1,0,0,0,0,0,0,23,1,1,1,1,29.137278434869188,0
5,0,0,1,1,1,1,0,0,0,1,0,0,92,11,3,3,3,73.57161939492596,0
3,0,0,0,0,0,0,0,0,0,0,0,0,85,9,2,2,2,77.34236244673193,0
0,1,0,4,5,0,0,1,0,1,0,9,1,53,17,1,1,2,529.6709047293714,0
0,0,0,1,3,0,1,0,0,0,0,0,0,7,4,1,1,0,20.685907991265147,0
5,0,1,1,1,1,1,0,0,0,1,0,0,641,181,3,3,3,361.60138945127665,0
1,0,0,2,3,0,1,1,0,0,0,0,0,3,2,1,1,1,11.141296221483135,0
2,0,0,2,0,0,1,0,0,0,0,0,0,30,0,1,1,1,28.473164071986115,0
3,0,0,0,0,1,0,0,0,0,0,0,0,81,10,2,2,2,99.84529003316972,0
3,0,0,0,0,0,1,0,0,0,0,0,0,0,10,1,1,1,23.677799157944378,0
1,0,1,1,1,1,1,0,0,0,1,0,0,52,108,3,3,3,2265.6034171853453,0
1,0,0,2,3,0,0,1,0,0,0,0,0,45,0,0,1,1,36.5184822453335,0
0,0,0,0,0,0,0,0,0,0,0,0,0,89,4,1,1,1,52.585685343807896,0
3,0,0,5,3,0,0,1,0,0,0,0,0,29,5,1,1,1,65.13477205972944,0
3,0,1,1,1,1,1,0,0,0,1,0,0,92,186,4,4,4,2662.926319143856,0
0,0,0,1,1,0,0,1,0,0,0,0,0,15,2,0,1,0,27.233104801998856,0
1,0,2,0,0,0,0,1,0,0,0,1,0,22,14,0,0,1,75.53614479806198,0
1,0,0,0,0,0,0,1,0,0,0,0,1,14,23,0,0,1,287.1626452162436,0
3,0,0,2,2,0,1,0,0,0,0,0,0,11,5,1,1,0,33.227778843100566,0
6,1,0,4,5,0,0,1,0,0,0,1,1,72,22,1,0,2,818.0881766191249,0
1,0,0,3,3,0,1,0,0,0,0,0,0,8,2,1,1,1,120.41346719159667,0
1,0,0,1,3,0,1,1,0,0,0,0,0,65,2,1,1,1,21.48377898307423,0
4,0,0,1,1,1,1,0,0,0,1,0,0,64,176,3,3,3,66.76325401706688,0
0,0,1,1,1,1,1,0,0,0,1,0,0,13,169,12,2,4,59.69310671343136,0
39,0,2,13,19,10,0,0,0,0,0,0,0,47,32,22,22,12,213.44466912138807,0
2,0,0,1,2,0,1,0,0,0,0,0,0,48,5,1,1,1,28.185321319413106,0
0,0,1,0,0,0,0,0,0,0,0,0,0,45,21,0,0,2,133.7354182804082,0
1,0,0,5,0,0,0,0,0,0,0,0,0,54,14,0,10,39,15.910327918532253,0
1,0,0,0,3,0,0,0,0,0,0,0,0,6,3,1,1,1,25.00863777578957,0
0,0,0,0,0,0,2,0,0,0,0,0,1,2,10,1,1,2,143.87836765019483,0
31,0,0,1,2,1,1,0,0,0,1,0,0,538,169,4,3,4,2104.752248925408,0
3,0,1,0,0,0,0,0,0,0,0,0,0,74,25,2,4,33,292.52355820691446,0
1,0,0,0,1,1,2,0,0,0,0,0,0,40,4,5,15,6,33.66622166538285,0
1,0,0,2,3,0,1,1,0,0,0,0,0,23,2,1,1,1,22.75581113165449,0
2,0,0,1,2,0,1,0,0,0,0,0,0,6,1,1,1,1,30.666971392130574,0
16,0,6,0,0,0,0,0,0,0,0,0,0,445,18,22,7,12,286.0220457496329,0
37,0,60,0,0,4,2,3,0,0,0,1,1,9,2,22,2,6,194.86929505207868,0
6,0,8,0,0,0,2,1,0,0,0,7,1,7,64,31,0,6,220.9593394973417,0
1,0,1,0,0,0,0,0,0,0,0,0,0,68,5,2,2,2,187.8742183543553,0
1,0,1,0,0,0,0,0,0,0,0,0,0,70,32,0,2,2,235.6764508442393,0
3,0,0,1,2,0,0,0,0,0,0,0,0,9,3,1,1,7,169.1658084802061,0
1,0,0,0,0,0,0,0,0,0,0,0,0,52,5,1,1,2,76.20245591459074,0
1,1,0,4,5,0,0,1,0,1,0,9,1,86,27,1,1,2,583.150069865149,0
0,0,0,1,2,0,0,0,0,0,0,0,0,33,0,0,1,0,0.4453693216701069,0
0,0,0,3,4,0,0,0,0,0,0,0,0,38,8,1,1,2,58.46321276794461,0
2,0,0,0,2,0,0,0,0,0,0,0,0,34,18,0,0,1,164.29650967643457,0
1,0,2,0,0,0,0,0,0,0,0,0,0,72,3,0,0,1,213.43653690384093,0
1,0,4,0,0,0,0,0,0,0,0,9,0,68,23,30,0,31,646.9461247800346,0
3,0,0,0,0,0,0,0,0,0,0,0,0,66,4,1,1,2,3.6653448753109465,0
1,0,0,1,0,0,0,0,0,0,0,0,0,51,25,0,1,1,65.03278536817918,0
0,0,0,1,1,0,1,0,0,0,0,0,0,16,3,1,1,1,24.856643257295186,0
0,0,0,1,2,0,0,0,0,0,0,0,0,44,0,0,1,0,10.2356024475651,0
0,0,0,2,3,0,1,1,0,0,0,0,0,56,1,1,1,1,40.07659913543455,0
0,0,0,0,0,0,0,0,0,0,0,0,0,65,5,2,6,2,26.188409672500754,0
3,0,0,2,3,0,0,1,0,0,0,0,0,58,3,1,1,1,48.41882098989349,0
0,0,3,0,0,0,2,15,0,0,0,1,1,45,6,0,0,2,86.04808807456028,0
1,1,0,4,5,0,0,1,0,1,0,9,1,98,7,1,1,2,24.269294124040442,0
7,0,2,0,0,0,0,0,0,0,0,7,0,324,18,0,6,10,90.59532026917628,0
0,0,7,0,0,0,0,0,0,0,0,0,0,32,0,0,0,1,118.64208219893005,0
0,0,0,1,6,0,0,0,0,0,0,0,0,34,1,0,1,1,33.34606160102239,0
1,0,0,0,0,0,1,0,0,0,0,0,0,29,6,1,5,2,145.42549144946167,0
1,0,1,0,0,0,0,0,0,0,0,0,0,495,7,2,2,2,313.75134978074675,0
3,0,1,0,0,0,0,0,0,0,0,0,0,53,10,2,2,2,266.78135034231747,0
3,0,1,0,0,0,0,0,0,0,0,0,0,29,9,2,2,2,318.88764047771576,0
5,0,0,19,1,1,1,2,0,0,1,0,0,100,179,7,4,4,450.2292865485473,0
0,0,0,1,1,0,1,0,0,0,0,0,0,28,2,1,1,1,18.086147327338054,0
3,0,0,1,1,0,1,0,0,0,0,0,0,74,8,1,1,2,316.0151084646671,0
1,0,0,1,2,0,1,0,0,0,0,0,0,36,2,0,1,1,47.123728596782684,0
1,0,0,1,2,0,0,1,0,0,0,0,0,25,19,0,0,0,75.54204392511049,0
0,0,0,1,0,0,1,0,0,0,0,0,0,7,5,1,0,1,0.1962224208457073,0
2,0,0,2,4,0,0,0,0,0,0,0,0,56,4,1,1,1,15.393223719937485,0
0,0,1,0,0,0,0,0,0,0,0,0,0,90,9,2,2,2,753.0116421639323,0
33,0,0,5,1,1,0,0,0,0,0,0,0,373,26,0,12,3,1797.59554074068,0
2,0,2,0,1,2,0,0,0,0,0,0,0,348,20,5,4,4,219.5616963016412,0
0,0,0,2,3,0,1,1,0,0,0,0,0,50,2,1,1,1,53.48126062735797,0
0,0,0,1,2,0,0,0,0,0,0,0,0,30,3,1,1,1,119.02102861512635,0
2,0,0,3,2,0,0,0,0,0,0,0,0,76,10,0,0,0,71.24833926965452,0
1,0,0,2,0,0,0,1,0,0,0,0,0,56,15,1,1,1,164.20817141162257,0
2,0,0,1,13,0,0,1,0,0,0,0,0,49,20,1,1,1,228.42409745550603,0
2,0,0,0,0,0,0,1,1,0,0,0,1,28,4,0,0,1,229.17687519766898,0
1,0,1,0,0,0,0,0,0,0,0,0,0,81,7,2,2,2,171.53500099158748,0
6,1,0,4,5,0,0,1,0,1,0,9,1,71,14,1,1,2,901.1996314782268,0
1,0,0,1,2,0,1,0,0,0,0,0,0,15,6,1,1,1,17.697570563387725,0
2,0,0,1,2,0,0,0,0,0,0,0,0,0,2,0,1,0,533.3550633675137,0
0,0,1,0,0,0,0,0,0,0,0,0,0,83,9,2,2,2,127.10065085875434,0
0,0,0,1,2,0,0,0,0,0,0,0,0,40,3,0,1,0,62.64267023768774,0
1,1,0,4,5,0,0,1,0,1,0,9,1,88,27,1,1,4,2571.0048249390156,0
22,0,35,5,19,0,0,0,0,0,0,0,0,107,40,22,22,12,32.30048718791036,0
1,0,0,1,1,0,1,1,0,0,0,0,0,4,1,1,1,1,32.50349138892298,0
0,0,0,1,1,0,1,0,0,0,0,0,0,20,2,1,1,1,22.9505226857489,0
4,0,1,1,1,1,1,0,0,0,1,0,0,97,195,3,3,4,2825.7730448472576,0
1,0,0,1,2,0,0,0,0,0,0,0,0,19,1,1,1,1,42.89849931927209,0
1,0,0,1,3,0,1,1,0,0,0,0,0,7,2,1,1,1,61.15960212489608,0
3,1,0,4,5,0,0,1,0,1,0,9,1,84,40,1,1,2,1800.5883501597496,0
18,0,0,19,4,0,0,0,0,0,0,0,0,454,45,1,0,1,197.36828372411236,0
2,0,0,1,1,0,0,0,0,0,0,0,0,24,4,1,1,1,19.377452542559706,0
1,0,1,1,0,0,0,0,0,0,0,0,0,70,10,2,1,1,86.40293544132592,0
2,0,0,1,1,0,1,0,0,0,0,0,0,32,2,1,1,0,31.56194935278701,0
1,0,0,2,3,0,1,0,0,0,0,0,0,47,4,1,1,1,41.28388124470853,0
2,0,0,1,1,0,0,0,0,0,0,0,0,49,15,7,1,39,81.48566838644614,0
4,0,35,5,0,0,0,0,0,0,0,0,0,255,188,1,30,1,267.8140613947029,0
1,1,0,1,5,0,0,0,0,1,0,0,0,109,19,1,1,0,51.256306542227236,0
2,0,0,1,1,0,1,0,0,0,0,0,0,54,5,1,1,1,22.7002115871223,0
1,0,1,1,1,1,1,0,0,0,1,0,0,81,126,3,3,3,2856.7120053750014,0
10,1,0,4,5,0,0,1,0,1,0,9,1,102,37,1,1,2,313.2663917927382,0
2,0,1,0,0,0,0,0,0,0,0,0,0,67,10,2,2,2,295.27339967765204,0
1,0,0,1,1,0,1,0,0,0,0,0,0,23,2,1,1,1,32.27835044323661,0
2,0,0,1,2,0,1,0,0,0,0,0,0,5,1,1,1,1,33.89898685183948,0
0,0,0,1,1,0,1,0,0,0,0,0,0,37,2,1,1,1,14.262826918002428,0
5,0,0,2,3,0,1,0,0,0,0,0,0,55,3,1,1,1,59.47876813600266,0
1,0,0,2,1,0,1,1,0,0,0,1,1,25,2,0,38,1,26.403546409800725,0
2,0,0,0,3,0,1,1,0,0,0,0,0,17,1,1,1,1,14.228547702041443,0
13,0,2,0,0,1,0,1,0,0,0,0,0,246,25,0,0,4,52.8017363369604,0
1,0,0,1,1,0,1,0,0,0,0,0,0,21,3,1,1,1,19.798895239833996,0
1,0,0,1,1,0,0,0,0,0,0,0,0,36,2,1,1,0,79.40252554244226,0
1,0,0,1,2,0,0,0,0,0,0,0,0,20,3,0,1,1,34.07999681264386,0
1,0,0,1,2,0,0,0,0,0,0,0,0,45,1,1,1,1,17.91675444740992,0
2,0,0,0,13,0,0,0,0,0,0,0,0,1,8,1,1,2,224.77749770397102,0
2,0,0,4,6,2,0,0,0,0,0,0,1,551,32,0,0,2,327.65716126214227,0
1,0,1,1,1,1,1,0,0,0,1,0,0,85,132,4,3,3,2134.330178498309,0
0,0,0,0,0,3,0,0,0,0,0,0,0,26,89,2,2,2,3.298680724441244,0
1,0,0,1,0,0,0,1,0,0,0,0,0,27,2,0,0,1,44.28341139090565,0
2,0,7,5,0,0,0,0,0,0,0,0,0,62,18,30,0,15,227.02570221620118,0
1,1,0,4,5,0,0,1,0,1,0,9,1,81,21,1,1,2,1633.939013774827,0
3,0,1,0,0,0,0,0,0,0,0,0,0,2,3,0,0,1,242.467506057799,0
1,0,0,2,3,0,1,1,0,0,0,0,1,45,7,1,1,1,77.55342856868846,0
1,0,0,0,1,4,0,0,0,0,0,0,0,59,5,1,7,15,319.13626848075677,0
1,0,1,0,0,0,0,0,0,0,0,0,0,42,11,2,2,2,134.7600538169468,0
1,0,0,1,1,0,0,1,0,0,0,0,0,1,2,0,1,0,47.44076676764668,0
2,0,7,1,0,0,0,0,0,0,0,0,0,229,36,0,0,7,1223.0715341067307,0
1,0,0,3,0,0,1,1,0,0,0,0,0,43,7,1,1,1,58.20527503740804,0
4,0,0,0,0,4,2,0,0,0,0,0,0,44,32,4,0,31,25.437282732152187,0
2,0,1,0,0,0,0,1,0,0,0,1,1,18,9,0,0,6,23.87701895481164,0
2,0,0,1,0,0,1,1,0,0,0,0,0,20,1,0,0,0,17.030005519561218,0
4,0,2,0,0,0,0,0,0,0,0,0,0,412,32,7,3,12,347.54983669423643,0
0,0,0,1,2,0,0,0,0,0,0,0,0,13,1,0,1,1,0.6670672959117994,0
1,0,0,1,0,0,0,1,0,0,0,1,1,54,24,5,1,1,43.23169789653956,0
5,0,0,2,3,0,1,0,0,0,0,0,0,26,7,1,1,1,18.595648826409086,0
3,0,1,0,0,0,0,0,0,0,0,0,0,47,8,2,2,2,294.45115339968646,0
1,0,0,3,0,0,1,0,0,0,0,0,0,18,20,0,1,1,24.406669682382745,0
3,0,0,1,0,0,0,0,0,0,0,0,0,60,6,2,0,2,98.18318740525504,0
0,0,0,2,3,0,1,0,0,0,0,0,0,45,7,1,1,1,48.00437466274073,0
3,0,0,1,2,0,0,0,0,0,0,1,0,46,5,0,1,0,27.934844239813277,0
49,0,0,0,0,3,2,3,0,0,0,1,1,7,1,9,15,6,61.38979868776701,0
0,0,0,1,2,0,1,0,0,0,0,0,0,2,0,1,1,1,25.050895805973653,0
2,0,0,1,1,1,1,0,0,0,1,0,0,60,5,1,1,1,93.47450129273264,0
9,0,0,0,0,3,2,1,0,0,0,1,1,27,28,10,31,6,42.628664531804546,0
3,0,0,5,1,0,1,0,0,0,0,0,0,32,5,1,1,1,201.53372492375448,0
1,0,0,1,2,0,1,0,0,0,0,0,0,37,1,1,1,1,30.6556007249746,0
59,0,0,0,0,3,2,3,0,0,0,1,1,36,2,9,15,6,25.676347032592815,0
3,0,0,1,1,0,1,0,0,0,0,0,0,23,0,5,22,1,0.32894500644852087,0
20,1,0,4,5,0,0,0,0,1,0,9,0,81,37,1,1,2,558.9391993769717,0
12,1,0,4,5,0,0,1,0,1,0,9,1,89,27,1,1,2,5.871922753395605,0
1,0,0,1,2,0,1,0,0,0,0,0,0,23,3,1,1,1,41.88500990975075,0
1,0,0,1,2,0,1,5,0,0,0,0,0,34,1,1,1,0,45.63362035112654,0
2,0,1,0,0,0,0,0,0,0,0,0,0,76,72,0,0,5,209.29105321056448,0
2,0,2,1,2,0,0,0,0,0,0,0,0,4,0,0,0,1,0.9328423520341502,0
0,0,2,0,2,0,0,1,0,0,0,0,0,13,3,0,1,1,42.88677310817347,0
0,0,0,1,1,0,1,0,0,0,0,0,0,23,3,1,1,1,26.39562972506761,0
1,0,0,0,0,0,0,0,0,0,0,0,0,33,8,1,0,1,11.67158677396106,0
1,0,0,1,2,0,0,0,0,0,0,0,0,31,1,1,1,0,17.928279354426035,0
2,0,0,1,2,0,0,0,0,0,0,0,0,23,0,0,1,0,7.040824256860102,0
3,0,0,0,0,0,1,1,0,0,0,0,0,66,7,1,1,1,56.668683049249395,0
12,1,0,4,5,0,0,1,0,1,0,9,1,91,36,1,1,2,674.6955260670178,0
4,0,1,0,0,0,0,0,0,0,0,0,0,41,9,2,2,2,61.51352072381154,0
31,0,1,1,1,1,1,0,0,0,1,0,0,687,162,3,3,4,2768.965014747224,0
1,0,0,1,6,0,1,0,0,0,0,0,0,14,2,1,7,1,15.439915392156449,0
1,0,0,1,2,0,1,0,0,0,0,0,0,7,1,1,1,1,13.00465434394674,0
1,0,0,2,3,0,1,0,0,0,0,0,0,43,6,1,1,1,15.481420612461953,0
7,0,1,1,1,1,1,0,0,0,1,0,0,113,224,3,3,3,3870.0386520251814,0
1,0,0,0,0,1,1,9,0,0,0,0,1,58,5,9,0,6,68.13359656004037,0
2,0,0,1,1,0,1,0,0,0,0,0,0,77,4,1,4,1,319.05240965027076,0
2,0,0,1,2,0,0,0,0,0,0,0,0,44,5,0,1,1,6.453394400618382,0
3,0,0,1,3,0,1,0,0,0,0,1,0,6,6,1,1,1,74.55690422000653,0
1,0,0,0,2,0,0,0,0,0,0,0,0,12,2,1,1,6,7.252574256706335,0
10,1,0,4,5,0,0,1,0,1,0,9,0,103,35,1,1,2,576.1154488978109,0
15,0,0,0,0,1,1,0,0,0,0,1,0,383,118,10,18,6,211.11990239221416,0
2,0,0,1,1,0,1,0,0,0,0,0,0,54,6,1,1,1,41.685386497948585,0
5,0,0,1,1,1,1,5,0,0,0,0,0,531,115,3,3,0,330.2211763394028,0
1,0,0,1,2,0,0,0,0,0,0,0,0,11,3,0,1,0,12.136160715528586,0
0,0,0,1,1,1,1,0,0,0,0,0,0,1,2,1,1,1,23.189217383749142,0
0,0,5,0,0,0,0,0,0,0,0,0,0,26,19,1,0,1,145.80458708065885,0
15,1,0,4,5,0,1,0,0,1,0,9,1,81,27,1,1,2,2089.716078129565,0
2,0,0,1,2,0,1,0,0,0,0,0,0,15,3,1,1,1,30.27130760795835,0
0,0,1,1,1,0,0,0,0,0,0,0,0,58,16,0,1,3,318.58794513277877,0
2,0,0,2,3,0,1,1,0,0,0,0,0,71,24,1,1,1,56.33859315049055,0
2,0,0,0,0,0,1,0,0,0,0,0,0,18,6,1,1,1,67.45005244629118,0
1,0,0,1,3,0,0,0,0,0,0,0,0,1,4,1,1,1,34.79713257297496,0
1,0,1,0,0,0,0,0,0,0,0,0,0,58,6,2,2,2,0.0594141909119017,0
1,0,0,1,1,0,4,0,0,0,0,0,0,40,0,0,0,0,3.8787610338884377,0
2,0,0,1,3,0,1,1,0,0,0,0,0,10,2,1,1,1,29.60764493100242,0
5,0,0,0,0,0,1,0,0,0,0,0,0,42,9,2,2,4,64.58445534049162,0
5,0,0,0,0,2,0,0,0,0,0,0,0,99,16,6,4,7,99.52277539718902,0
1,0,0,0,1,0,1,1,0,0,0,1,1,20,4,1,1,1,8.453398010032023,0
1,0,0,2,0,0,1,1,0,0,0,0,1,34,3,1,1,1,31.043276951445183,0
1,0,6,0,0,0,0,1,0,0,0,0,0,40,4,0,0,1,37.519737523838145,0
1,0,0,0,5,0,0,1,0,0,0,9,1,56,20,1,1,2,864.0533221166647,0
3,0,0,2,3,0,1,0,0,0,0,0,0,49,5,1,1,1,56.610544358626754,0
5,0,0,1,1,1,1,0,0,0,1,0,0,49,210,3,3,3,2639.8755844657308,0
1,0,0,1,0,0,0,0,0,0,0,0,0,17,1,0,1,1,21.064395855717745,0
1,0,0,0,0,0,0,0,0,0,0,0,0,13,2,0,0,20,34.32513529110477,0
2,0,10,0,0,0,0,0,0,0,0,0,0,89,8,10,0,2,357.2142416190495,0
2,0,0,3,0,0,0,0,0,0,0,0,0,29,17,1,1,1,262.9403413504557,0
0,0,0,1,1,1,1,0,0,0,0,0,0,27,5,1,1,1,1981.4921154390713,0
1,0,1,4,0,0,0,1,0,0,0,0,0,30,4,0,0,2,518.2776941109925,0
0,0,0,0,0,0,0,0,0,0,0,0,0,31,17,0,0,0,124.26883663514167,0
1,0,1,0,0,0,0,0,0,0,0,0,0,74,20,0,0,1,39.27683568843071,0
2,0,0,0,2,0,0,0,0,0,0,0,0,16,3,1,1,1,39.0373967970505,0
1,0,0,1,1,0,0,0,0,0,0,0,0,20,3,0,1,1,9.796014084467576,0
2,0,2,0,13,0,0,9,0,0,0,3,0,227,49,22,0,1,250.57823664480725,0
1,0,0,1,1,0,0,0,0,0,0,0,0,17,2,0,1,1,73.20364955427688,0
2,0,1,3,1,0,0,0,0,0,0,0,0,72,4,3,1,1,86.5161880103344,0
1,0,35,0,0,3,0,0,0,0,0,0,0,43,4,5,0,1,23.94418682897794,0
1,0,0,3,1,0,0,0,0,0,0,0,0,52,6,1,1,1,261.43929812775593,0
21,0,5,13,0,0,0,0,0,0,0,0,1,55,8,1,0,39,148.4743567976323,0
1,0,0,0,0,0,0,0,0,0,0,0,0,53,9,1,1,2,5.90834553653089,0
2,0,0,0,1,0,1,0,0,0,0,0,0,15,5,1,1,1,35.49710426807451,0
2,0,0,3,1,0,1,0,0,0,0,0,0,36,8,1,1,1,22.69987418317672,0
3,0,1,0,0,0,0,0,0,0,0,0,0,60,6,2,2,2,133.28327295338767,0
16,0,2,19,0,10,0,0,0,0,0,0,0,169,45,0,7,12,88.25787324922888,0
1,1,0,4,5,0,4,0,0,1,0,9,1,76,22,1,1,1,550.4560996065757,0
0,0,1,0,0,0,0,0,0,0,0,0,0,44,9,2,2,5,175.95627131021234,0
55,0,0,0,0,3,2,3,0,0,0,1,1,1,0,9,15,6,78.88563358181327,0
4,0,0,19,19,0,1,0,0,0,1,0,0,299,114,3,22,4,268.4996327004763,0
0,0,2,0,1,0,1,15,0,0,0,0,0,37,36,1,1,7,172.07779890808345,0
7,1,0,4,5,0,0,1,0,1,0,9,1,86,38,1,1,2,446.1490697886247,0
1,0,3,0,0,0,0,1,0,0,0,0,0,43,32,0,0,1,336.0667157784825,0
2,1,0,4,5,0,0,0,0,1,0,9,1,95,47,1,1,2,837.724055753892,0
0,0,3,0,0,0,0,0,0,0,0,0,0,29,8,2,0,1,215.28566888055815,0
3,0,0,1,0,0,1,0,0,0,0,0,0,31,3,1,1,2,10.68072299278034,0
4,0,0,0,1,0,1,1,0,0,0,0,0,32,4,1,1,1,21.676418786242774,0
2,0,0,1,1,0,1,0,0,0,0,0,0,49,3,1,1,1,59.496382073161655,0
2,0,1,0,0,0,0,0,0,0,0,0,0,78,3,2,2,1,55.5806605367397,0
3,0,2,0,0,0,0,0,1,0,0,0,0,402,164,22,30,12,281.99857665471364,0
3,0,4,0,1,0,0,0,0,0,0,0,0,379,2,31,22,6,135.22381403963465,0
1,0,0,0,0,0,0,0,0,0,0,0,0,16,2,1,1,1,24.403227617937922,0
20,0,2,0,0,10,0,1,0,0,0,1,1,224,17,10,0,12,140.37523215339132,0
2,0,0,2,3,0,1,1,0,0,0,1,1,14,3,0,1,1,76.57736611812038,0
2,0,0,0,1,0,1,0,0,0,0,0,0,36,3,1,1,1,25.996317597473816,0
1,0,0,1,2,0,0,1,0,0,0,0,0,5,1,1,1,1,29.411865384580267,0
6,1,0,4,5,0,0,1,0,1,0,9,1,73,30,1,1,2,267.4501439133937,0
0,0,0,3,0,0,0,0,0,0,0,0,0,30,26,1,15,1,32.09903475815896,0
0,0,2,0,0,0,0,1,0,0,0,0,0,99,25,0,0,1,763.1919852168667,0
0,0,0,1,3,0,0,1,0,0,0,0,0,17,1,0,1,1,33.53511030153018,0
2,0,0,1,2,0,0,0,0,0,0,0,0,42,3,1,1,1,134.74592614066492,0
1,0,0,1,1,0,1,1,0,0,0,0,0,13,4,1,1,1,26.668376762085472,0
3,0,0,1,1,0,1,0,0,0,0,0,0,5,3,1,1,1,45.257101129856416,0
0,0,0,1,2,0,1,0,0,0,0,0,0,9,2,0,1,1,5.709319447622359,0
2,0,0,0,0,0,0,0,0,0,0,0,1,41,4,2,0,6,91.92857446207964,0
3,0,0,2,3,0,0,1,0,0,0,0,0,49,2,1,1,1,15.246975435526291,0
16,1,0,4,5,0,0,0,0,1,0,0,0,79,60,1,1,2,194.25766574783378,0
2,0,1,5,0,0,0,0,0,0,0,0,0,58,22,2,0,1,213.27156479888478,0
1,0,1,1,0,1,1,0,0,0,1,0,0,81,100,3,3,4,2906.730439971043,0
1,0,0,3,0,0,0,0,0,0,0,0,0,37,4,0,1,1,0.9083401409962057,0
0,0,0,1,2,0,0,0,0,0,0,0,0,46,1,1,1,1,40.61536249053585,0
3,0,0,2,1,0,1,0,0,0,0,0,0,55,0,1,1,1,23.564581540705575,0
1,0,0,2,0,0,1,1,0,0,0,0,1,43,101,0,0,1,47.62139034651338,0
1,0,0,1,0,0,0,0,0,0,0,0,0,28,1,0,1,1,32.728431887641676,0
0,1,0,4,5,0,0,1,0,1,0,9,1,84,17,1,1,2,14.658082878760474,0
3,0,0,0,2,0,0,0,0,0,0,0,0,59,1,0,1,1,24.532261498625676,0
4,0,1,1,1,2,2,0,0,0,0,1,0,81,124,4,0,10,73.4016476223412,0
3,0,0,1,1,0,1,0,0,0,0,0,0,47,2,1,1,1,50.879451731011244,0
1,0,3,0,0,0,0,0,0,0,0,0,0,42,5,0,0,6,81.64011957753425,0
3,0,1,1,1,1,1,0,0,0,1,0,0,86,200,3,3,3,3239.632128496171,0
1,0,0,1,0,0,0,0,0,0,0,0,0,60,1,1,1,1,14.373337077187948,0
1,0,0,1,2,0,1,0,0,0,0,0,0,12,1,1,1,1,23.742302593508725,0
2,0,0,3,4,0,1,1,0,0,0,0,0,2,5,1,1,1,39.38534733692855,0
2,0,0,1,1,0,1,1,0,0,0,0,0,50,7,1,1,1,18.200196726932678,0
0,0,1,0,1,1,1,1,0,0,0,1,1,49,5,0,12,1,40.40046520119726,0
4,0,2,0,0,0,0,0,0,0,0,0,0,285,51,5,5,1,83.49219151080821,0
1,0,0,2,3,0,1,1,0,0,0,1,1,34,5,1,1,1,20.277162838442834,0
1,1,0,4,5,0,0,1,0,1,0,9,1,51,66,1,1,2,410.13021841983686,0
2,0,0,0,0,0,0,0,0,0,0,0,0,16,4,2,2,1,18.375492270075025,0
13,0,1,0,0,1,0,0,0,0,0,0,0,0,10,2,2,2,161.92636964979766,0
0,0,0,0,2,0,0,0,0,0,0,0,0,2,0,0,0,1,30.273921581536733,0
1,0,0,0,6,0,0,0,0,0,0,0,0,44,6,1,1,1,18.061815695762576,0
1,0,0,1,1,0,1,0,0,0,0,0,1,32,2,1,1,1,62.99153866141775,0
0,0,0,1,1,0,1,0,0,0,0,0,0,57,2,1,1,1,33.2702944612431,0
1,0,0,2,3,0,1,1,0,0,0,0,1,1,1,1,1,1,2.2427514947551224,0
0,0,1,0,0,0,0,0,0,0,0,0,0,24,12,2,2,2,209.60356463192574,0
1,0,0,1,3,0,1,1,0,0,0,0,0,8,0,1,1,1,6.3018660800488036,0
1,0,0,1,2,0,0,0,0,0,0,0,0,4,4,1,1,1,48.54596060138677,0
1,0,8,0,0,0,0,0,0,0,0,0,0,38,5,10,7,5,242.54473974224663,0
1,0,0,0,1,0,1,0,0,0,0,0,0,19,4,1,15,1,2.846281895409959,0
1,0,6,1,1,0,1,0,0,0,0,0,0,8,2,0,1,1,2.515914454695878,0
1,0,0,1,2,0,0,0,0,0,0,0,0,20,1,0,0,2,26.031208067846233,0
3,0,0,2,3,0,1,1,0,0,0,0,0,49,5,1,1,1,71.17971566072302,0
0,0,0,3,2,0,1,0,0,0,0,0,0,7,2,1,1,1,15.244574380163566,0
1,0,60,0,1,1,0,0,0,0,0,0,0,34,61,10,30,4,255.95339071516065,0
2,0,1,1,2,0,0,0,0,0,0,0,0,33,5,2,7,4,167.90678900460907,0
3,0,2,0,0,0,0,0,0,0,0,0,0,49,3,0,0,0,19.386307185319016,0
1,0,0,3,4,0,0,0,0,0,0,0,0,38,3,1,1,1,23.855417846295744,0
5,0,0,0,0,0,0,0,0,0,0,0,0,45,10,2,2,2,266.59740405785135,0
27,1,2,4,5,0,0,0,0,0,0,0,0,298,38,1,30,12,39.98507166964876,0
0,0,0,0,0,0,2,1,0,0,0,1,1,5,8,2,0,2,81.46144786235273,0
4,0,0,0,0,0,1,0,0,0,0,0,0,72,11,2,4,6,382.4638430169915,0
1,0,0,1,1,0,0,1,0,0,0,0,0,77,5,0,0,1,51.965417167852735,0
1,0,0,1,2,0,0,0,0,0,0,0,0,24,2,1,1,1,41.097549525752484,0
11,1,0,4,5,0,0,0,0,1,0,9,0,101,30,1,1,2,696.4216049120055,0
35,0,0,0,0,3,2,3,0,0,0,1,1,13,7,9,15,6,31.74626623505801,0
3,0,0,1,1,0,1,0,0,0,0,0,0,57,0,0,0,0,41.36503052161973,0
15,1,0,4,5,0,0,1,0,1,0,9,1,59,24,1,1,2,3.3483946834327583,0
15,0,4,4,5,0,0,0,0,0,0,0,1,452,25,1,0,1,168.66400589304774,0
2,0,2,0,0,0,0,1,0,0,0,0,0,26,2,1,0,1,10.620554953474997,0
4,0,5,0,4,0,0,0,0,0,0,0,0,50,1,1,30,1,5.4560528264824875,0
0,0,0,1,2,0,1,0,0,0,0,0,0,49,2,1,1,1,42.59686148893415,0
2,0,0,1,0,0,0,0,0,0,0,0,0,21,4,1,1,0,43.50843443590392,0
1,0,0,1,0,0,1,0,0,0,0,0,0,29,4,1,1,1,125.01750798048083,0
4,0,0,2,3,0,1,1,0,0,0,0,0,16,2,1,1,1,50.77658343560317,0
8,1,0,4,5,0,0,1,0,1,0,9,1,95,34,1,1,2,885.3264418505885,0
2,0,0,1,1,1,1,0,0,0,0,0,0,49,5,3,1,0,9.193443679667919,0
1,0,0,1,2,0,0,0,0,0,0,0,0,46,4,1,1,1,40.07605130752291,0
3,0,0,3,4,0,1,1,0,0,0,0,0,53,6,1,1,1,44.97359837158339,0
3,0,0,0,0,0,0,0,0,0,0,0,0,74,8,2,0,2,275.5032715414681,0
3,0,0,0,6,2,1,0,0,0,0,0,0,48,64,0,4,4,85.29431314813881,0
1,1,0,4,5,0,0,0,0,1,0,0,1,75,18,1,1,2,592.2680983384898,0
3,0,0,2,3,0,1,0,0,0,0,0,0,14,4,1,1,1,18.617272836671287,0
1,0,0,0,0,0,1,1,0,0,0,0,1,51,4,1,1,1,50.68221554282404,0
1,0,0,1,2,0,0,0,0,0,0,0,0,14,0,0,1,0,20.484309814031498,0
2,0,0,3,2,0,1,0,0,0,0,0,0,33,3,1,1,1,42.09843241732722,0
3,0,5,0,0,0,0,0,0,0,0,0,0,62,7,1,1,1,54.3413504486316,0
9,1,0,4,5,0,0,0,0,1,0,9,1,77,33,1,1,2,86.01119132051146,0
17,1,0,4,5,0,1,1,0,1,0,9,1,91,27,1,1,2,2264.6557603835636,0
4,0,0,0,1,0,1,0,0,0,0,0,0,48,77,1,1,3,253.32650837373575,0
14,1,0,4,5,0,0,1,0,1,0,9,1,99,24,1,1,2,2403.2382093696165,0
1,0,0,1,2,0,1,0,0,0,0,0,0,29,2,1,1,1,42.94150147934617,0
0,0,0,2,6,0,0,1,0,0,0,0,0,58,0,0,0,1,59.863140162006175,0
1,0,0,3,3,0,0,0,0,0,0,0,0,9,6,1,1,1,48.03508930578668,0
1,0,1,1,1,0,1,0,0,0,0,0,0,43,49,0,1,0,242.02480305603316,0
2,0,0,3,3,0,1,1,0,0,0,0,0,23,4,1,1,1,9.001319342656208,0
3,0,2,0,0,0,0,1,0,0,0,0,0,59,18,0,0,1,635.2702405607653,0
1,0,0,1,0,0,0,0,0,0,0,0,0,42,3,1,1,1,6.56585784747883,0
3,0,0,2,3,0,0,1,0,0,0,0,1,9,1,0,0,1,50.497067848687045,0
1,0,2,5,0,0,0,0,0,0,0,0,0,36,26,0,0,1,292.682561711836,0
0,0,2,0,2,0,0,2,1,0,0,0,0,39,31,7,0,1,36.25954285709858,0
0,0,0,1,1,0,1,0,0,0,0,0,0,1,2,0,1,0,19.364181887575167,0
0,0,0,3,3,0,1,1,0,0,0,0,0,39,3,1,1,1,11.215974444448088,0
4,0,1,1,1,1,1,0,0,0,1,0,0,85,198,3,3,4,2614.1301786765357,0
1,0,2,1,0,0,0,1,0,0,0,0,0,31,2,0,0,1,204.71483057429157,0
4,0,1,0,0,0,0,0,0,0,0,0,0,81,13,2,2,2,395.03931323667655,0
2,0,0,13,1,1,1,0,0,0,0,0,0,42,120,1,1,4,22.831091276002315,0
24,0,2,0,0,0,1,0,0,0,0,0,0,376,72,22,22,1,293.90622021652814,0
3,0,0,0,0,1,2,5,0,0,0,1,1,79,5,6,0,6,67.47727695390006,0
5,0,1,1,1,1,1,0,0,0,1,0,0,58,113,3,3,3,403.4086274515836,0
14,0,0,0,0,1,0,0,0,0,0,1,1,59,6,18,0,1,181.13789165925655,0
3,0,0,1,0,0,0,0,0,0,0,0,0,15,4,1,1,1,15.4452215680506,0
5,0,2,0,19,10,0,5,0,0,0,0,0,165,40,22,22,12,149.29829517370771,0
1,0,0,0,0,0,0,1,0,0,0,0,0,59,9,1,1,1,71.5179105101746,0
1,0,0,1,3,0,1,0,0,0,0,0,0,2,1,0,1,1,5.742470292275364,0
1,0,2,0,0,0,0,1,0,0,0,0,0,263,23,0,0,1,339.660958970514,0
22,0,0,0,0,3,2,3,0,0,0,1,1,38,4,9,15,6,31.3674758861542,0
1,0,0,1,2,0,1,0,0,0,0,0,0,18,2,1,1,1,3.5021864856272344,0
12,1,0,4,4,0,0,0,0,1,0,0,0,314,9,1,1,2,1044.4616874330045,0
2,0,0,1,2,0,1,0,0,0,0,0,0,8,1,30,1,1,52.415361655279895,0
4,0,2,0,0,0,0,0,0,0,0,0,0,3,53,5,1,1,145.51772721009627,0
6,0,0,1,1,1,1,0,0,0,1,0,0,103,180,3,3,4,2708.1157883592437,0
1,0,2,0,0,0,0,1,0,0,0,1,1,22,10,0,0,31,621.9466186994572,0
2,0,0,0,0,0,0,0,0,0,0,0,0,78,8,2,2,2,9.316666865792895,0
0,0,0,0,0,0,1,1,0,0,0,0,1,41,7,9,0,1,52.35153788957422,0
1,1,0,4,5,0,0,0,0,1,0,9,1,84,25,1,1,2,636.6148734280583,0
2,0,1,0,0,0,0,0,0,0,0,0,0,52,7,2,2,2,327.2217041408184,0
2,0,0,1,2,0,1,0,0,0,0,0,0,3,1,1,1,1,22.15928011236068,0
0,0,0,2,2,0,1,1,0,0,0,0,0,15,1,1,1,1,20.82761567114868,0
1,0,0,1,2,0,0,0,0,0,0,0,0,1,2,1,1,1,2.861724474919182,0
2,0,0,1,2,0,1,0,0,0,0,0,0,27,3,0,1,1,206.46386763627865,0
5,0,1,1,1,1,0,0,0,0,1,0,0,734,179,4,3,3,228.8383391880069,0
0,0,2,0,0,0,0,1,0,0,0,0,0,100,22,0,0,1,251.44629789663838,0
1,0,0,1,2,0,0,0,0,0,0,0,0,45,1,0,1,0,33.781159407844214,0
18,0,0,4,1,0,1,0,0,0,0,0,0,341,7,1,5,1,218.2330978711409,0
2,0,2,0,0,0,0,0,0,0,0,0,0,481,41,4,30,7,180.8068141614127,0
4,0,0,0,0,0,0,0,0,0,0,0,0,64,8,2,2,2,77.27530613354763,0
2,0,0,0,1,0,1,0,0,0,0,0,0,27,1,1,1,1,28.447735424087575,0
2,0,0,1,1,0,1,0,0,0,0,0,0,20,1,1,1,1,23.60937236798113,0
20,0,35,19,0,10,0,1,0,0,0,0,0,188,55,30,22,12,251.3625345637529,0
1,0,1,1,0,0,0,1,0,0,0,0,0,21,3,0,0,1,22.379581016587732,0
1,0,0,1,2,0,0,1,0,0,0,0,0,27,5,1,1,1,5.517307061602615,0
0,0,0,0,0,0,0,0,0,0,0,0,0,23,1,0,1,1,35.1097754225479,0
2,0,2,5,1,0,1,1,0,0,0,0,0,47,70,1,0,1,291.6574546558947,0
1,0,0,1,2,0,0,0,0,0,0,0,0,6,2,0,1,1,1.899900108054613,0
2,0,0,0,0,0,0,0,0,0,0,0,0,12,4,1,1,2,19.81897780384482,0
41,0,0,0,0,3,2,3,0,0,0,1,1,0,1,0,15,6,8.941733987266902,0
2,0,0,1,3,0,0,1,0,0,0,0,0,37,1,0,1,1,274.0081327629348,0
10,0,0,0,0,3,2,3,0,0,0,1,1,64,6,9,15,6,49.55253634103326,0
1,0,0,0,0,0,0,0,0,0,0,0,1,25,8,2,2,2,67.09706624322534,0
1,0,0,1,2,0,1,0,0,0,0,0,0,6,1,0,1,0,27.12201818091634,0
20,1,0,4,5,0,0,1,0,1,0,9,1,72,28,1,1,31,228.0074444085912,0
1,0,0,1,2,0,1,0,0,0,0,0,0,31,3,0,1,0,19.4194773604064,0
1,0,0,1,2,0,0,0,0,0,0,0,0,1,1,1,1,1,40.510901503384666,0
3,0,0,1,1,0,0,0,0,0,0,0,0,33,5,2,2,2,22.7741869486906,0
2,0,0,1,2,0,0,0,0,0,0,0,0,9,4,1,1,1,9.351482572167349,0
49,0,0,0,0,3,2,3,0,0,0,1,1,21,7,9,15,6,15.435243889409929,0
4,0,0,1,2,0,1,0,0,0,0,0,0,33,7,1,1,1,46.51569222085462,0
0,0,2,0,0,0,0,1,0,0,0,0,0,64,20,0,0,1,55.19723179058403,0
1,0,0,1,0,0,0,0,0,0,0,0,0,21,1,1,1,1,28.298111286220884,0
2,0,0,1,1,0,1,5,0,0,0,0,0,69,6,1,2,4,364.47269193271813,0
1,0,0,1,2,0,1,0,0,0,0,0,0,49,7,1,1,1,134.32194066860757,0
26,0,0,19,6,0,1,0,0,0,0,0,0,59,92,1,1,20,214.9810613777927,0
2,0,0,0,0,0,1,0,0,0,0,0,0,56,6,1,1,1,251.48737977067648,0
2,0,0,3,1,0,0,0,0,0,0,0,0,39,1,0,0,1,70.38293080123876,0
6,1,0,4,5,0,0,0,0,1,0,9,1,78,37,1,1,2,572.1924479343121,0
0,0,10,0,0,1,0,0,0,0,0,0,0,375,3,30,31,10,206.73813525291825,0
1,0,4,0,0,0,0,0,0,0,0,0,0,510,7,0,18,33,274.26445279268813,0
0,0,2,0,0,0,1,1,0,0,0,0,0,73,19,0,0,1,29.05677312785412,0
3,0,0,1,2,0,0,0,0,0,0,0,0,66,22,0,0,0,400.04928448251343,0
0,0,0,1,2,0,0,0,0,0,0,0,0,44,18,0,1,0,8.756575409131663,0
2,0,35,0,0,0,0,0,0,0,0,0,0,29,16,0,0,1,155.55336711986095,0
4,0,0,1,2,0,1,0,0,0,0,0,0,71,6,1,1,1,57.75825108950983,0
0,1,0,4,5,0,0,0,0,1,0,0,0,47,33,1,1,2,152.6375806623616,0
22,1,0,4,5,0,0,0,0,1,0,9,0,99,37,1,1,2,858.0781625773052,0
1,0,0,0,3,0,0,0,0,0,0,0,0,53,5,1,1,1,67.23600434519007,0
2,0,1,0,0,0,0,0,0,0,0,0,0,68,12,2,2,2,193.5082625029154,0
1,0,0,0,0,0,0,1,0,0,0,0,0,47,2,1,1,1,36.64786577446486,0
0,0,0,0,3,0,1,1,0,0,0,0,0,19,9,1,1,1,30.742928484889255,0
2,0,0,1,0,0,0,0,0,0,0,0,1,2,8,12,10,2,301.5799418462036,0
1,0,2,0,0,0,0,0,1,0,0,0,0,155,31,0,0,0,42.24527025164332,0
2,0,0,0,0,0,0,1,0,0,0,0,0,40,23,1,1,1,30.728157085271775,0
4,0,1,0,1,1,1,0,0,0,1,0,0,543,197,22,10,3,188.1241948879666,0
2,0,0,2,3,0,1,1,0,0,0,0,0,12,0,1,1,1,39.63055656137804,0
16,1,0,4,5,0,0,1,0,1,0,9,1,100,31,1,1,2,823.5350559740009,0
3,0,0,1,1,0,1,0,0,0,0,0,0,46,4,1,1,1,33.536657643280606,0
0,0,0,0,0,0,0,0,0,0,0,0,0,79,29,0,0,1,226.17342194286152,0
3,0,0,1,3,0,1,0,0,0,0,0,0,32,0,1,1,1,20.119895752933896,0
3,0,0,2,4,0,0,1,0,0,0,0,0,43,26,0,0,1,62.55733969145095,0
1,0,0,2,3,0,1,0,0,0,0,0,0,19,4,1,1,1,10.43991090362162,0
0,0,0,2,3,0,1,1,0,0,0,0,0,12,2,1,1,1,57.274653279510716,0
5,0,0,1,1,1,1,2,0,0,1,0,0,101,162,4,4,4,2194.0163494374124,0
6,1,0,4,5,0,0,1,0,1,0,9,1,53,5,1,1,2,12.931252206285983,0
22,0,2,13,1,10,1,2,0,0,0,3,0,9,25,22,4,3,219.18122789243608,0
4,0,0,0,0,0,0,0,0,0,0,0,0,43,5,1,0,7,41.59015514130873,0
3,0,1,1,1,1,1,0,0,0,1,0,0,95,160,4,3,3,105.05754972046928,0
3,0,0,1,6,0,0,0,0,0,0,0,0,60,4,1,1,1,74.01259764086593,0
3,0,0,1,2,0,1,0,0,0,0,0,0,21,7,1,1,3,1.2981323981254853,0
11,1,0,4,5,0,0,1,0,1,0,9,1,67,23,1,1,2,13.826169007942266,0
21,0,0,0,0,3,2,3,0,0,0,1,1,39,1,9,15,6,4.219664701893077,0
0,0,0,1,3,0,1,0,0,0,0,0,0,20,2,1,1,1,44.32338106045883,0
0,0,0,1,2,0,0,0,0,0,0,0,0,27,1,1,1,1,14.420249440611297,0
2,0,0,0,0,0,0,1,0,0,0,0,0,39,21,1,0,1,45.99785698037776,0
18,0,2,13,0,10,0,15,1,0,0,0,0,248,38,22,22,12,277.6726308472413,0
21,0,0,0,0,3,2,3,0,0,0,1,1,43,1,9,15,6,32.89795197429929,0
2,0,6,1,0,0,0,0,0,0,0,0,0,556,28,4,0,1,322.8410978942293,0
1,0,0,1,1,0,1,0,0,0,0,0,0,44,3,0,1,0,1296.6108242994321,0
3,0,0,2,3,0,1,1,0,0,0,0,1,47,5,1,1,1,65.70241247617308,0
7,1,0,4,5,0,0,1,0,1,0,9,1,639,30,1,1,2,841.0791065470657,0
4,0,0,1,1,0,0,0,0,0,0,0,0,43,16,0,1,1,28.028160012762108,0
1,0,0,0,0,0,0,0,0,0,0,0,0,29,2,0,1,1,18.34511921167711,0
1,0,0,1,3,0,1,1,0,0,0,0,0,7,4,1,1,1,10.96792177545722,0
5,0,0,1,1,1,1,0,0,0,1,0,0,59,3,4,12,4,43.71813824408019,0
1,0,0,1,1,0,0,1,0,0,0,0,0,47,15,0,0,1,49.55388595681558,0
4,0,0,1,1,1,1,2,0,0,1,0,1,88,206,3,4,4,102.76468311429237,0
2,0,1,0,0,0,0,0,0,0,0,0,0,71,10,2,2,2,334.8024827307552,0
1,0,0,1,1,0,1,0,0,0,0,0,0,41,1,1,1,1,6.726754179527395,0
1,0,6,1,1,0,0,0,0,0,0,0,0,38,2,0,0,0,13.358968911788299,0
2,0,0,1,1,0,1,1,0,0,0,1,0,18,4,0,1,1,3.5858789901282275,0
1,0,0,1,1,0,1,0,0,0,0,0,0,1,5,1,1,1,34.13117155838974,0
3,0,0,0,0,1,2,0,0,0,0,1,1,57,6,2,2,2,84.96560914515644,0
1,0,0,1,2,0,0,0,0,0,0,0,0,38,0,0,1,0,8.657029454187718,0
3,0,1,1,1,1,1,2,0,0,1,0,0,101,158,5,3,4,2619.2970719572613,0
1,0,0,0,0,1,2,5,0,0,0,1,1,94,21,0,0,1,52.50603987265414,0
0,0,0,0,1,0,1,0,0,0,0,0,0,42,5,1,1,1,17.784739938452923,0
1,0,2,0,0,0,0,0,0,0,0,0,0,40,34,0,0,1,196.8591158845113,0
2,0,0,1,2,0,0,0,0,0,0,0,0,11,2,1,1,1,12.710861672333408,0
1,0,0,1,0,0,0,0,0,0,0,0,0,25,4,1,0,1,102.8180104152167,0
12,1,0,4,5,0,1,1,0,1,0,9,1,57,23,1,1,2,2112.449306449782,0
6,0,1,1,1,1,1,0,0,0,1,0,0,103,187,3,3,3,65.39467105380959,0
1,0,0,0,2,0,1,0,0,0,0,0,0,1,1,1,1,1,10.041255960911805,0
1,0,0,1,0,0,0,0,0,0,0,0,0,15,4,1,1,1,30.327592390880014,0
0,0,1,0,0,3,2,0,0,0,0,0,1,47,148,0,10,10,37.57236346934995,0
17,1,0,4,5,0,0,1,0,1,0,9,1,89,25,1,1,1,739.4527843396169,0
4,1,0,4,5,0,0,1,0,1,0,9,1,82,30,1,15,2,738.7951328923498,0
5,0,2,13,19,0,0,1,0,0,0,0,0,495,17,7,3,12,858.2219060590451,0
13,1,0,4,5,0,0,1,0,1,0,9,1,79,35,1,1,2,556.7401247851126,0
0,0,0,1,2,0,0,0,0,0,0,0,0,10,0,1,1,1,11.17331415982889,0
4,1,0,1,1,0,0,1,0,0,0,0,1,90,35,1,1,2,2033.4804589940761,0
2,0,0,5,2,0,0,0,0,0,0,0,0,1,2,1,1,1,51.95068023422971,0
3,0,60,0,1,1,2,0,0,0,1,0,0,49,2,3,12,3,319.0819780948421,0
0,0,6,0,0,0,0,0,0,0,0,0,0,45,3,0,0,1,51.862817344401364,0
5,0,0,0,0,0,1,0,0,0,0,0,0,74,9,2,2,39,94.63313918585258,0
1,0,0,1,0,0,0,0,0,0,0,0,0,27,1,0,0,0,47.73945270347076,0
0,1,0,4,5,0,1,1,0,1,0,9,1,95,29,1,1,1,26.03409407789076,0
48,0,0,0,0,0,1,1,0,0,0,0,0,53,7,1,10,1,23.919623912439764,0
2,0,0,2,6,0,1,9,0,0,0,0,0,350,23,1,0,1,174.80172024102077,0
14,1,0,13,5,0,0,1,0,0,0,9,1,29,20,1,7,2,438.30855059700673,0
5,1,0,4,5,0,1,1,0,1,0,9,1,29,17,1,1,2,302.79777396580346,0
1,0,3,0,0,0,0,1,0,0,0,0,0,27,62,0,0,1,463.81623704770493,0
3,0,0,1,2,0,0,0,0,0,0,0,0,19,0,0,1,0,23.377167253934164,0
9,1,0,0,5,0,0,1,0,1,0,9,1,54,26,1,1,2,13.021361798241923,0
2,0,0,3,4,0,0,0,0,0,0,0,0,47,7,1,1,1,29.99899541388037,0
2,0,0,0,0,0,0,0,0,0,0,0,0,46,6,1,1,1,3.7594384641242975,0
1,0,0,5,2,0,1,0,0,0,0,0,0,28,5,1,1,1,33.3150793930196,0
2,0,0,0,0,0,0,0,0,0,0,0,0,68,12,2,2,2,85.77420314273597,0
3,0,0,1,3,0,1,0,0,0,0,0,0,7,5,1,1,1,26.231255438590036,0
4,1,0,4,5,0,0,0,0,1,0,0,0,32,29,1,1,2,5.592625492316614,0
4,0,0,0,1,1,1,2,0,0,1,0,0,89,167,3,5,4,80.48391244402224,0
3,0,52,0,1,0,1,1,0,0,0,0,0,134,101,22,4,4,66.58665388955123,0
1,0,0,0,0,0,0,1,0,0,0,0,0,51,7,1,1,1,19.240478671777616,0
23,0,0,1,1,0,1,0,0,1,0,0,0,87,7,1,1,2,2380.037797753498,0
7,1,0,4,5,0,0,1,0,1,0,9,1,56,5,1,1,2,30.087528576600597,0
1,0,0,3,1,0,1,0,0,0,0,0,0,32,2,1,1,1,66.17203160442685,0
1,0,0,1,1,0,1,1,0,0,0,0,0,47,2,1,1,0,88.17587662195365,0
0,0,0,0,6,0,0,0,0,0,0,0,0,24,3,1,1,1,22.4876919979002,0
1,0,0,1,2,0,0,1,0,0,0,0,0,62,21,0,0,0,48.73506281488593,0
0,0,0,0,0,0,0,0,0,0,0,0,0,49,18,0,0,1,630.7218803967768,0
2,0,0,1,1,0,1,0,0,0,0,1,0,19,1,1,1,1,62.61166535468861,0
2,0,1,0,0,0,0,0,0,0,0,0,0,36,12,2,2,2,261.66626011267135,0
36,0,0,0,19,4,0,0,1,0,0,0,0,233,46,3,22,39,232.86554761084784,0
1,0,0,1,4,0,1,0,0,0,0,0,0,62,31,5,1,1,13.2907787852969,0
1,0,0,1,2,3,0,0,0,0,0,0,0,1,3,1,1,1,10.4362870491961,0
1,0,0,0,0,0,1,0,0,0,0,0,0,64,9,30,2,2,65.94407714519429,0
4,0,2,5,19,0,0,0,0,0,0,0,0,73,72,22,10,7,245.74861261761566,0
1,0,7,1,2,0,0,0,0,0,0,0,0,49,1,22,4,1,82.61521249392507,0
0,0,0,1,2,0,1,1,0,0,0,0,0,26,1,1,1,1,13.540293084552019,0
1,0,0,1,2,0,0,0,0,0,0,0,0,11,2,0,1,1,13.028323865629014,0
17,1,0,4,5,0,0,1,0,1,0,9,1,92,40,1,1,6,73.69758716260826,0
0,0,0,0,1,1,1,5,0,0,0,1,0,61,8,1,10,7,39.27858438414866,0
2,0,1,0,0,0,0,1,0,0,0,0,0,21,7,1,5,1,2.5803821902976907,0
2,0,1,0,0,0,0,9,0,0,0,0,0,71,7,2,2,2,47.18059748761013,0
1,0,0,1,2,0,0,0,0,0,0,0,0,66,0,0,1,1,35.68559697767198,0
1,0,0,2,3,0,1,0,0,0,0,0,0,38,3,1,1,1,15.377427410485316,0
1,0,0,1,3,0,1,1,0,0,0,0,0,39,4,1,1,1,13.99148741777758,0
1,0,0,1,2,0,0,0,0,0,0,0,0,31,2,0,1,1,56.23096491985022,0
3,0,0,1,0,0,0,0,0,0,0,0,0,62,4,1,0,1,305.62370418124044,0
3,0,1,0,0,0,0,0,0,0,0,0,0,58,14,2,2,2,163.97084047629704,0
1,0,0,1,1,0,1,0,0,0,0,0,0,52,3,1,1,1,32.555028934610334,0
2,0,0,1,2,0,0,0,0,0,0,0,0,36,4,0,0,1,62.41351853864829,0
0,0,0,1,1,0,1,0,0,0,0,0,0,5,4,1,1,1,47.59150651533343,0
2,0,52,0,1,0,0,0,0,0,0,0,0,276,64,6,22,3,280.0277986406914,0
2,1,0,1,5,0,1,1,0,1,0,9,1,36,57,1,1,2,577.288935252554,0
1,0,0,1,2,0,1,0,0,0,0,0,0,48,13,0,1,1,18.406216819259996,0
3,0,0,1,2,1,0,0,0,0,1,0,0,69,4,0,3,3,102.85911268306155,0
26,0,0,0,0,3,2,3,0,0,0,1,1,14,1,9,15,6,2.0969090292884935,0
1,0,0,1,2,0,1,0,0,0,0,0,0,20,4,1,1,1,7.3408465934786555,0
1,0,0,2,3,0,1,0,0,0,0,0,1,32,1,1,1,1,23.81941630110254,0
0,0,0,2,3,0,0,1,0,0,0,0,0,44,16,1,1,1,26.808789409437914,0
19,1,0,4,5,0,0,1,0,1,0,9,1,105,27,1,1,2,728.3130797022129,0
2,0,2,19,19,0,0,0,0,0,0,0,0,40,36,22,22,12,146.04607365375844,0
2,0,2,0,0,0,0,0,0,0,0,0,0,171,19,0,10,12,9.259130033063155,0
2,0,0,1,1,0,1,0,0,0,0,0,0,16,3,1,1,1,20.857562928828425,0
3,0,0,1,2,0,1,0,0,0,0,0,0,35,3,0,1,1,9.006042090894463,0
2,0,0,0,0,3,1,0,0,0,0,0,0,17,3,0,0,6,55.289872755641696,0
55,0,0,0,0,1,2,3,0,0,0,1,1,7,5,9,15,6,62.30056077686757,0
1,0,6,0,6,0,0,0,0,0,0,0,0,23,12,0,0,1,42.34098050420594,0
6,1,0,4,5,0,0,1,0,1,0,9,1,92,20,1,1,2,566.0711282512104,0
2,0,0,2,3,0,1,9,0,0,0,0,0,14,5,1,1,1,5.308452205289418,0
12,1,0,4,5,0,1,1,0,1,0,9,1,91,23,1,1,1,30.22457534749593,0
1,0,0,1,2,0,0,0,0,0,0,0,0,12,2,0,1,0,27.05766109929668,0
19,1,0,4,5,0,0,1,0,1,0,9,1,89,23,1,1,2,702.1800526816793,0
1,0,0,0,1,0,1,0,0,0,0,1,1,26,2,10,1,1,24.001485184236124,0
10,0,2,19,19,10,0,0,0,0,0,0,0,16,45,22,7,12,127.2493048112159,0
17,0,5,19,0,10,0,1,0,0,0,0,0,9,67,22,22,12,129.5858207295579,0
1,0,0,2,1,0,1,1,0,0,0,0,0,44,0,1,1,1,43.49956760533408,0
0,0,0,0,2,0,0,0,0,0,0,0,0,18,8,1,1,1,125.89398495836073,0
1,0,0,3,3,0,0,1,0,0,0,0,0,31,3,1,1,1,4.4335547044041625,0
6,0,0,1,1,1,1,0,0,0,1,0,0,95,164,3,3,3,336.70368477417423,0
1,0,0,1,2,0,0,0,0,0,0,0,0,29,1,0,1,0,17.91650168469067,0
18,1,0,4,5,0,0,0,0,1,0,9,0,301,88,1,1,1,368.9482964362088,0
3,1,0,4,5,0,1,0,0,1,0,0,0,77,26,1,1,2,2542.3259294484615,0
16,1,0,4,5,0,0,1,0,1,0,9,1,83,39,1,1,2,333.9819912211998,0
2,0,0,1,2,0,0,0,0,0,0,0,0,76,77,0,6,0,287.03198062428635,0
3,0,0,1,1,0,0,0,0,0,0,0,0,5,5,1,1,1,1.6134496002570415,0
15,0,1,0,1,1,1,9,0,0,0,0,0,50,167,10,4,4,349.4775631962092,0
0,0,0,0,0,0,0,0,0,0,0,0,0,77,10,2,2,2,342.7733212701527,0
28,0,1,0,1,1,1,0,0,0,0,0,0,123,148,3,3,3,255.8461469097391,0
1,0,0,1,0,0,0,1,0,0,0,1,1,50,2,1,0,1,70.56090956853204,0
5,0,1,1,1,1,1,0,0,0,1,0,0,425,165,3,3,3,2780.6602374528456,0
7,1,0,4,5,0,0,0,0,1,0,9,1,85,34,1,1,2,1931.8264791914605,0
4,0,0,0,6,0,1,0,0,0,0,0,0,49,4,1,1,1,277.2196141046157,0
2,0,0,0,0,0,0,0,0,0,0,0,0,71,8,2,2,2,35.31818403493307,0
5,1,0,4,5,0,0,1,0,1,0,9,1,84,37,1,1,2,681.4924784402141,0
2,0,0,2,3,0,1,0,0,0,0,0,0,11,1,1,1,1,21.021357125409587,0
2,0,0,0,0,4,2,5,0,0,0,1,0,57,16,10,15,6,33.186318972787745,0
0,0,6,0,0,0,0,0,0,0,0,0,1,38,9,2,0,6,239.75452069227504,0
2,0,0,1,2,0,0,0,0,0,0,0,0,56,5,0,0,0,65.58105226774762,0
37,0,2,13,19,10,0,1,0,0,0,0,0,473,70,30,22,12,265.4668199020987,0
0,0,2,0,2,0,0,0,0,0,0,0,0,47,2,0,0,1,33.98700393164295,0
2,0,0,1,2,0,1,1,0,0,0,0,0,0,1,1,1,1,19.26740903479892,0
1,0,0,0,1,0,1,0,0,0,0,0,0,69,3,1,1,1,25.02935183844854,0
1,0,1,1,1,1,1,0,0,0,1,0,0,65,178,4,3,3,2349.754676673063,0
3,0,1,0,0,0,0,0,0,0,0,0,0,47,9,2,2,2,344.1331116044338,0
2,0,0,1,1,0,1,0,0,0,0,0,0,57,5,0,1,7,53.191601154077986,0
2,0,0,0,1,0,0,1,0,0,0,0,0,47,2,1,1,0,16.950789916453108,0
1,0,0,1,2,0,0,0,0,0,0,0,0,50,0,0,1,1,20.744639859792112,0
1,0,0,1,2,0,0,1,0,0,0,0,0,57,2,0,0,1,38.09826375252598,0
4,0,1,1,1,1,1,0,0,0,1,0,0,565,204,3,3,4,271.02932832753794,0
1,0,0,0,0,0,0,0,0,0,0,0,0,31,6,1,0,1,22.839601592139683,0
0,0,0,1,0,0,0,0,0,0,0,0,0,34,2,1,1,1,33.91566839314887,0
4,0,0,1,2,0,0,0,0,0,0,0,0,69,5,1,1,1,11.81407917197805,0
2,0,0,1,2,0,0,0,0,0,0,0,0,18,3,1,1,1,27.291794948532555,0
26,0,3,1,19,1,1,15,0,0,0,0,0,252,125,5,3,10,66.936001209204,0
2,0,0,1,2,0,0,0,0,0,0,0,0,42,4,1,1,1,7.1334774029258305,0
2,0,0,0,0,0,0,5,0,0,0,0,0,59,25,0,0,6,35.48496498203249,0
0,0,2,0,0,0,0,1,0,0,0,0,0,27,29,0,0,1,60.477106502977776,0
10,0,66,0,0,4,2,1,0,0,0,8,1,45,23,7,0,6,16.5394806115544,0
4,0,2,0,0,0,0,0,0,0,0,0,0,222,53,18,0,20,258.78556305477537,0
1,0,0,2,0,0,0,1,0,0,0,0,0,60,4,1,0,1,2662.0319042198553,0
0,0,0,2,3,0,1,1,0,0,0,0,0,8,4,1,1,1,27.31222965523658,0
1,0,0,0,0,0,2,0,0,0,0,1,0,50,9,2,2,2,58.10884644096129,0
1,0,0,2,3,0,1,1,0,0,0,0,0,40,3,1,1,1,66.09658010059664,0
2,0,0,1,2,0,0,0,0,0,0,0,0,24,1,0,1,1,174.2865077017347,0
0,0,0,1,0,0,0,0,0,0,0,0,0,58,3,0,1,3,77.0883154157079,0
0,0,0,1,1,0,1,0,0,0,0,0,0,8,0,1,1,1,4.536722309763963,0
1,0,0,1,0,0,0,0,0,0,0,0,0,20,9,0,0,1,0.9080716690395079,0
2,0,0,1,1,0,1,0,0,0,0,0,0,50,5,1,1,0,55.068513999345285,0
1,0,0,1,2,0,1,0,0,0,0,0,0,12,5,1,1,1,12.631615734615215,0
0,0,0,5,0,0,0,0,0,0,0,0,0,5,2,1,1,1,21.933005806867136,0
2,0,0,2,3,0,1,1,0,0,0,0,0,0,1,1,1,1,45.01568497879512,0
1,0,0,1,2,0,0,0,0,0,0,0,0,32,2,1,1,0,8.70210825391683,0
28,0,2,0,1,1,0,2,0,0,0,0,0,89,167,0,0,4,82.62306797099167,0
2,0,0,3,0,0,1,1,0,0,0,0,1,1,2,1,1,1,50.31382122624342,0
13,1,2,4,0,0,0,1,0,0,0,0,0,437,25,31,0,1,583.1274948352994,0
11,0,5,0,0,3,2,3,0,0,0,1,1,68,6,9,0,6,42.893381509107584,0
1,0,0,1,3,0,1,0,0,0,0,0,0,12,2,1,1,1,20.62308441964814,0
1,0,0,0,1,0,0,0,0,0,0,0,0,21,3,1,1,1,23.187800649977653,0
0,0,4,0,0,0,0,0,0,0,0,0,0,3,3,10,0,1,174.08892316618955,0
1,0,0,0,3,0,1,1,0,0,0,0,0,30,9,1,1,1,29.00167249673144,0
0,0,2,5,2,0,1,0,0,0,0,0,0,32,14,4,6,1,56.02943254343887,0
1,0,0,2,3,0,1,1,0,0,0,1,1,56,16,1,1,1,38.82465816736372,0
2,0,2,0,0,0,1,5,0,0,0,0,0,422,7,10,10,6,243.70106646994847,0
3,0,1,1,1,1,1,0,0,0,1,0,0,80,208,3,3,3,3223.6924665353663,0
0,0,5,0,0,0,0,1,0,0,0,0,1,30,8,0,3,1,384.87619596737306,0
2,0,0,0,0,0,1,1,0,0,0,0,1,25,8,1,15,1,6.128822688969493,0
0,0,0,0,0,0,0,0,0,0,0,0,0,17,7,2,2,2,44.86820680258231,0
4,0,0,3,4,0,1,0,0,0,0,0,0,62,1,1,1,1,48.88189702120262,0
1,0,2,1,1,0,0,0,0,0,0,0,0,387,47,22,0,2,260.0027933772302,0
2,0,0,1,1,0,1,1,0,0,0,0,0,60,2,1,1,1,26.686127656222382,0
3,1,0,4,5,0,0,0,0,1,0,9,1,96,33,1,1,2,713.2993913525177,0
0,0,1,0,0,0,0,0,0,0,0,0,0,24,2,2,1,1,33.68128330495352,0
1,0,0,0,0,0,0,0,0,0,0,0,0,38,7,0,0,0,10.466385322351483,0
1,0,0,2,3,0,1,0,0,0,0,0,0,37,2,1,1,1,0.8546734766422333,0
1,0,1,0,0,0,0,0,0,0,0,0,0,91,31,2,2,2,310.2656276745442,0
3,0,66,0,0,3,2,0,0,0,0,0,0,31,7,33,0,11,31.194993537974376,0
0,0,0,1,2,0,1,1,0,0,0,0,0,2,0,0,1,1,9.819005106769309,0
1,0,0,0,0,0,0,0,0,0,0,0,0,7,7,0,2,1,34.80340175596379,0
0,0,0,2,4,0,0,1,0,0,0,0,0,47,18,0,0,1,51.95943096881827,0
1,0,0,2,1,0,1,1,0,0,0,0,0,7,4,1,1,1,1.8398870387443154,0
1,0,0,1,2,0,0,0,0,0,0,0,0,22,0,1,1,1,29.739665108708504,0
4,0,0,0,1,0,1,5,0,0,0,0,0,73,5,9,2,1,93.73018092349332,0
1,0,0,2,3,0,1,0,0,0,0,0,0,7,5,1,1,1,29.487141837438713,0
5,1,0,4,5,0,0,1,0,1,0,9,1,79,24,0,38,2,579.3413679651837,0
3,0,2,0,0,0,0,1,0,0,0,0,1,69,24,0,0,1,346.1477886717105,0
3,0,0,0,0,0,0,3,0,0,0,1,1,43,8,2,0,2,76.19230840022746,0
2,0,0,1,1,0,1,0,0,0,0,0,0,5,2,1,1,1,27.154716042632383,0
0,0,0,1,1,1,1,0,0,0,1,0,0,72,161,3,3,3,368.0433114058128,0
10,1,0,4,5,0,0,1,0,1,0,9,1,78,41,1,1,2,473.71645490709165,0
2,0,0,2,1,0,1,0,0,0,0,0,0,3,6,1,1,1,1.7835260678349378,0
1,0,0,1,2,0,1,0,0,0,0,0,0,18,3,1,1,1,37.277445210918174,0
2,0,0,1,2,0,0,0,0,0,0,0,0,42,2,0,1,0,42.92881436539251,0
1,0,0,0,0,0,1,0,0,0,0,0,0,10,7,1,1,1,5.988210501649238,0
0,0,2,1,1,0,0,1,0,0,0,0,0,48,22,0,0,1,348.9961120430188,0
3,0,0,0,0,0,0,0,0,0,0,0,0,74,10,2,2,2,242.16932076867076,0
0,0,0,1,2,0,0,0,0,0,0,0,0,26,2,1,1,1,24.067201468626532,0
4,0,0,1,1,0,1,0,0,0,0,0,0,39,1,1,1,1,41.57132038234664,0
0,0,0,3,1,0,1,0,0,0,0,0,0,63,7,1,1,1,10.036432535689787,0
2,0,0,1,1,0,0,0,0,0,0,0,0,20,0,0,1,1,1.2981746371086516,0
1,0,0,0,0,0,1,0,0,0,0,0,0,22,5,1,1,1,57.16681825290374,0
2,0,1,0,0,0,1,0,0,0,0,0,0,93,7,2,2,2,302.2147621458829,0
1,0,0,1,0,0,0,0,0,0,0,0,0,52,3,0,1,1,109.52111830726666,0
1,0,0,0,0,0,0,0,0,0,0,0,0,39,5,0,2,2,21.248600270006882,0
40,0,0,0,0,3,2,3,0,0,0,1,1,8,3,9,15,6,38.27964558327038,0
1,0,0,1,1,1,1,0,0,0,0,0,0,31,3,1,1,4,24.270070062415293,0
1,0,0,5,3,0,1,1,0,0,0,0,0,16,8,1,1,1,17.752293492561304,0
3,0,0,0,0,4,0,0,0,0,0,0,0,81,7,7,18,33,384.6311371871527,0
4,0,0,0,2,0,0,0,0,0,0,0,0,38,6,2,1,2,267.5402996169162,0
1,0,0,0,1,0,0,1,0,0,0,0,0,19,5,1,1,1,55.048991734494095,0
1,0,0,0,6,1,0,1,0,0,0,0,1,64,21,31,0,5,70.09886207505703,0
0,0,2,0,0,0,0,0,0,0,0,0,0,298,71,0,0,1,272.21780193502616,0
1,0,0,2,3,0,1,1,0,0,0,0,0,24,4,1,1,1,13.556779620892858,0
1,0,1,0,0,0,0,0,0,0,0,0,0,65,7,2,2,2,50.49682680417294,0
3,0,0,1,2,0,1,0,0,0,0,0,0,48,3,1,1,1,36.91198594586415,0
4,0,6,0,0,0,0,1,0,0,0,0,0,88,57,5,0,1,378.9959192760921,0
1,0,0,1,2,0,0,0,0,0,0,0,0,20,3,0,0,1,57.70302568241729,0
2,0,4,0,0,0,0,0,0,0,0,0,1,450,61,0,0,5,53.33185235545646,0
3,0,0,1,2,0,1,0,0,0,0,0,0,13,3,1,1,1,64.02142973930364,0
1,0,1,0,0,0,0,0,0,0,0,0,0,36,136,2,0,6,204.4225422619975,0
19,0,0,4,3,0,0,1,0,0,0,0,0,64,32,1,1,1,271.65253970015,0
1,0,2,0,0,0,0,0,0,0,0,0,0,69,24,0,0,2,283.1950660920483,0
2,0,2,0,0,0,0,0,0,0,0,0,0,248,151,22,10,12,99.07733358993644,0
1,0,0,0,0,0,0,0,0,0,0,0,0,57,0,0,0,2,50.722315820356144,0
15,0,0,0,0,0,2,3,0,0,0,1,1,20,100,10,0,1,18.029981474772207,0
2,1,0,4,5,0,0,1,0,0,0,0,0,67,26,1,1,2,269.72074261295364,0
3,0,0,2,3,0,1,0,0,0,0,0,0,40,6,1,1,1,58.38465421247545,0
1,0,0,5,1,0,0,0,0,0,0,0,0,33,23,0,1,1,54.04237427285433,0
1,0,0,4,1,0,0,0,0,0,0,0,0,17,23,1,1,2,85.2266182554603,0
0,0,0,0,0,0,0,1,0,0,0,0,1,10,2,0,0,1,43.32286045183568,0
2,0,0,1,1,0,1,0,0,0,0,0,0,22,2,1,1,1,32.21272356182176,0
2,0,0,0,0,0,0,1,0,0,0,0,0,15,3,1,1,1,14.882451967571335,0
1,0,0,1,1,0,1,0,0,0,0,0,0,63,7,1,1,1,277.24162630154325,0
0,0,0,0,0,0,0,0,0,0,0,0,0,60,7,2,2,2,42.184428701456625,0
2,0,1,0,0,0,0,0,0,0,0,0,0,67,21,0,0,1,782.691764761161,0
2,0,0,1,0,0,0,0,0,0,0,0,0,67,8,0,2,2,162.9881239099514,0
16,0,2,0,0,0,2,3,0,0,0,1,1,51,18,9,30,7,386.58641474688517,0
3,0,1,0,0,0,0,0,0,0,0,0,0,104,51,5,1,11,601.6354422263711,0
1,0,0,0,0,0,0,0,0,0,0,0,0,24,4,1,38,2,46.24337095677811,0
1,0,2,1,0,0,0,1,0,0,0,0,0,57,65,0,0,1,223.36574175348875,0
1,0,0,1,0,0,0,0,0,0,0,0,0,41,2,1,1,1,29.74048555356615,0
1,0,0,3,4,0,1,0,0,0,0,0,0,26,5,1,1,1,153.44160778872157,0
2,0,0,0,0,0,0,1,0,0,0,0,1,19,18,1,0,1,196.42802255588776,0
2,0,1,0,0,0,0,0,0,0,0,0,0,64,9,2,2,1,177.36020018782426,0
1,0,2,1,2,0,0,0,0,0,0,0,0,34,3,0,0,0,12.73370135263951,0
3,0,0,1,2,0,1,0,0,0,0,0,0,50,17,0,1,3,63.28944457736765,0
0,0,0,0,0,0,0,0,0,0,0,0,0,41,4,1,1,1,8.547456615861039,0
3,0,1,0,0,0,0,0,0,0,0,0,0,101,10,2,2,2,91.98694171666541,0
1,0,0,2,3,0,0,1,0,0,0,0,0,10,10,1,1,1,4.9623851140975574,0
9,0,2,1,0,0,0,0,0,0,0,0,0,282,46,0,38,1,293.57569108381244,0
1,0,0,1,2,0,0,0,0,0,0,0,0,15,2,0,1,0,33.2065160455301,0
3,0,0,1,1,0,1,1,0,0,0,1,1,46,7,1,1,1,52.63765280742591,0
1,0,0,2,2,0,1,1,0,0,0,0,0,20,3,0,1,1,29.348687402770427,0
3,0,0,1,1,0,1,0,0,0,0,0,0,56,1,1,1,1,47.66799199899686,0
0,0,0,4,1,0,1,1,0,0,0,0,0,61,6,1,1,1,35.11908486904635,0
2,0,0,0,1,0,1,0,0,0,0,0,1,80,6,1,1,1,42.14461866387771,0
3,0,0,2,3,0,0,1,0,0,0,0,0,65,26,1,1,1,247.15301823715532,0
1,0,4,3,0,0,1,1,0,0,0,0,0,36,2,0,1,15,3.741358719050453,0
1,0,0,1,1,0,1,0,0,0,0,0,0,2,2,1,1,1,8.093790708034124,0
3,0,0,1,1,0,1,0,0,0,0,0,0,46,3,1,1,1,16.712375934907588,0
6,1,0,4,5,0,0,1,0,1,0,9,1,97,46,1,1,2,752.0119106133275,0
3,0,0,1,2,0,1,0,0,0,0,0,0,14,4,1,1,1,2.6521743397281483,0
1,0,0,1,2,0,1,0,0,0,0,0,0,19,1,1,1,1,21.56072551290328,0
6,1,0,4,5,0,0,0,0,1,0,9,1,80,39,1,1,2,178.79773377578093,0
37,0,0,0,0,3,2,3,0,0,0,1,1,32,0,9,15,6,22.20070363918938,0
0,0,0,2,3,0,1,0,0,0,0,0,0,56,3,1,1,1,44.704952270914106,0
4,0,2,0,0,0,0,0,0,0,0,0,0,59,66,18,3,39,205.14170037231563,0
2,0,0,0,0,0,1,0,0,0,0,0,0,26,7,1,1,1,0.7313354915457957,0
3,0,0,1,2,0,0,0,0,0,0,0,0,26,1,0,1,0,34.338384744967726,0
2,0,0,5,13,0,0,0,0,0,0,0,0,230,67,33,12,15,315.10567287739616,0
0,0,0,1,1,0,1,0,0,0,0,0,0,26,1,1,1,1,54.97525990238651,0
2,0,0,1,1,0,1,1,0,0,0,0,0,20,2,1,1,1,3.8548089817517326,0
0,0,0,1,1,0,1,1,0,0,0,0,0,4,4,1,1,1,51.047555083897365,0
14,0,1,5,2,0,0,0,0,0,0,0,0,59,32,22,7,2,240.6486229460571,0
14,0,0,0,0,3,2,3,0,0,0,1,1,35,2,9,0,6,8.533863409053525,0
18,0,2,0,0,4,0,1,0,0,0,0,0,383,54,18,0,1,267.37365033535036,0
3,0,2,0,0,3,0,1,0,0,0,0,1,468,31,0,0,10,370.2702199531195,0
1,0,0,1,2,0,0,0,0,0,0,0,0,34,2,0,0,0,6.008261157405187,0
1,0,0,0,4,0,1,0,0,0,0,0,0,27,5,1,1,1,54.52896881037009,0
4,0,0,1,1,1,1,0,0,0,1,0,0,69,147,1,3,3,3002.6464526531736,0
3,0,0,1,2,0,0,1,0,0,0,0,1,51,3,0,1,1,26.54928133229472,0
5,0,1,0,0,0,0,0,0,0,0,0,0,70,10,2,2,2,334.4227603965544,0
1,0,0,1,2,0,0,0,0,0,0,0,0,5,0,1,1,0,11.929524380857558,0
3,0,0,1,1,0,1,0,0,0,0,0,0,66,4,1,1,0,40.654401578239124,0
2,0,0,0,0,1,0,5,0,0,0,0,0,75,3,0,2,6,63.15915586238229,0
2,0,0,0,0,0,0,0,0,0,0,0,0,95,12,2,2,2,175.10110298053095,0
3,0,1,1,1,0,1,1,0,0,1,0,0,85,131,3,3,0,377.38269024714214,0
3,0,0,3,4,0,0,0,0,0,0,0,0,12,3,1,1,1,8.722398747644117,0
1,0,0,2,4,0,0,0,0,0,0,0,0,50,1,1,1,1,14.334404108467558,0
0,0,0,1,2,0,0,1,0,0,0,0,0,16,1,1,1,1,42.62246972280373,0
0,0,0,0,3,0,1,1,0,0,0,1,1,16,1,1,1,1,12.363173772402973,0
2,0,2,0,0,0,0,5,0,0,0,0,0,24,24,0,0,1,15.124479663283989,0
11,0,7,0,0,0,0,0,0,0,0,0,0,150,4,2,7,5,32.542573605313464,0
