Page,Encrypt,ObjStm,JS,JavaScript,AA,OpenAction,AcroForm,JBIG2Decode,RichMedia,Launch,EmbeddedFile,XFA,Colors_gt_224,obj,stream,xref,trailer,startxref,filesize_kb
20,0,0,1,1,0,1,0,0,0,0,0,0,0,24,1,1,1,1,5.30859375
2,0,0,2,3,0,1,1,0,0,0,0,0,0,18,3,1,1,1,6.701171875
1,0,0,1,2,0,0,0,0,0,0,0,0,0,9,2,0,1,0,1.94921875
1,0,0,3,4,0,0,0,0,0,0,0,0,0,12,5,1,1,1,31.1357421875
4,0,0,0,0,0,0,1,0,0,0,0,0,0,279,18,31,31,31,169.1279296875
1,0,0,1,1,0,1,0,0,0,0,0,0,0,4,1,1,1,1,3.4580078125
0,0,1,0,0,0,0,0,0,0,0,0,0,0,7,5,0,0,1,166.1123046875
1,0,0,0,1,0,1,0,0,0,0,0,0,0,8,2,1,1,1,12.5205078125
1,0,0,3,4,0,0,1,0,0,0,0,0,0,21,6,1,1,1,81.30078125
1,0,2,0,0,0,0,1,0,0,0,0,0,0,62,54,33,38,39,128.2939453125
1,0,0,2,3,0,1,1,0,0,0,0,0,0,15,2,1,1,1,9.8603515625
1,0,0,2,3,0,1,1,0,0,0,0,0,0,15,2,1,1,1,9.8876953125
2,0,0,0,0,0,0,0,0,0,0,0,0,0,55,10,2,2,2,47.3916015625
1,0,0,0,1,0,1,0,0,0,0,0,0,0,10,3,1,1,1,40.17578125
1,0,0,0,1,0,1,0,0,0,0,0,0,0,8,2,1,1,1,13.05859375
1,0,0,2,3,0,1,1,0,0,0,0,0,0,15,2,1,1,1,7.0927734375
1,0,0,3,4,0,0,0,0,0,0,0,0,0,13,5,1,1,1,4.478515625
1,0,0,3,4,0,0,0,0,0,0,0,0,0,12,5,1,1,1,31.6494140625
1,0,0,1,2,0,0,0,0,0,0,0,0,0,9,3,1,1,1,3.486328125
1,0,0,0,1,0,1,0,0,0,0,0,0,0,8,2,1,1,1,12.748046875
1,0,0,1,2,0,0,0,0,0,0,0,0,0,7,1,0,1,1,5.171875
1,0,0,2,3,0,1,1,0,0,0,0,0,0,15,2,1,1,1,6.392578125
1,0,0,1,1,0,1,0,0,0,0,0,0,0,4,1,0,1,0,3.0224609375
3,0,0,0,0,0,1,0,0,0,0,0,0,0,71,4,1,1,1,31.9501953125
1,0,1,0,0,0,0,0,0,0,0,0,0,0,18,7,2,2,2,185.8154296875
1,0,0,0,0,0,1,0,0,0,0,0,0,0,11,3,1,1,1,32.8720703125
1,0,0,0,0,0,1,0,0,0,0,0,0,0,13,3,1,1,1,34.951171875
0,0,0,1,2,0,0,0,0,0,0,0,0,0,9,2,0,1,1,15.05078125
6,0,0,1,2,0,1,0,0,0,0,0,0,0,22,7,1,1,1,13.478515625
1,0,0,0,1,0,1,0,0,0,0,0,0,0,8,2,1,1,1,12.4423828125
0,0,0,0,0,0,0,0,0,0,0,0,0,0,6,1,1,1,1,14.75
1,0,0,1,2,0,0,0,0,0,0,0,0,0,7,1,0,1,1,3.8447265625
4,0,0,0,0,0,1,0,0,0,0,0,0,0,71,5,1,1,1,33.849609375
1,0,0,1,2,0,0,1,0,0,0,0,0,0,15,2,1,1,1,10.6865234375
1,0,0,1,2,0,0,0,0,0,0,0,0,0,7,1,0,1,1,5.201171875
0,0,0,1,2,0,0,0,0,0,0,0,0,0,9,2,0,1,1,14.9658203125
1,0,1,0,0,0,0,0,0,0,0,0,0,0,33,12,2,2,2,194.3291015625
6,0,0,1,2,0,1,0,0,0,0,0,0,0,22,7,1,1,1,12.58203125
32,0,0,0,0,0,0,0,0,0,0,0,0,0,127,54,0,0,0,550.7822265625
1,0,0,1,1,0,1,0,0,0,0,1,0,0,9,2,1,1,1,30.8515625
4,0,0,2,3,0,1,0,0,0,0,0,0,0,23,7,1,1,1,29.3837890625
1,0,0,0,0,0,0,0,0,0,0,0,0,0,13,3,1,1,1,717.1220703125
1,0,0,0,1,0,1,0,0,0,0,0,0,0,8,2,1,1,1,12.935546875
4,0,0,1,1,0,1,0,0,0,0,0,0,0,82,33,2,2,2,62.8193359375
1,0,0,1,1,0,1,0,0,0,0,0,0,0,6,2,1,1,1,14.0048828125
1,0,1,0,0,0,0,0,0,0,0,0,0,0,20,8,2,2,2,182.5712890625
1,0,0,2,3,0,1,1,0,0,0,0,0,0,15,2,1,1,1,6.3916015625
1,0,0,1,1,0,1,1,0,0,0,0,0,0,19,7,2,2,2,40.0703125
1,0,0,1,2,0,0,0,0,0,0,0,0,0,9,3,1,1,1,3.9033203125
1,0,0,1,1,0,1,0,0,0,0,0,0,0,4,1,0,1,0,3.0185546875
4,0,0,1,2,0,1,1,0,0,0,0,1,0,30,11,0,1,1,588.587890625
1,0,0,3,4,0,0,0,0,0,0,0,0,0,13,5,1,1,1,4.5244140625
0,0,0,1,2,0,0,0,0,0,0,0,0,0,9,2,0,1,1,15.1455078125
1,0,0,0,0,0,0,0,0,0,0,0,0,0,58,5,0,0,1,158.4189453125
1,0,0,0,1,0,1,0,0,0,0,0,0,0,8,2,1,1,1,12.4150390625
1,0,0,1,2,0,0,0,0,0,0,0,0,0,9,3,1,1,1,3.5703125
1,0,0,2,3,0,1,1,0,0,0,0,0,0,15,2,1,1,1,9.8583984375
0,0,0,1,2,0,0,0,0,0,0,0,0,0,9,2,0,1,1,15.05078125
1,0,0,1,1,0,1,1,0,1,0,1,1,0,17,3,1,1,1,2.720703125
2,0,0,1,2,0,1,0,0,0,0,0,0,0,13,3,1,1,1,4.7119140625
1,0,0,3,4,0,0,0,0,0,0,0,0,0,11,3,0,1,0,2000.0
1,0,0,1,2,0,0,1,0,0,0,0,0,0,15,2,1,1,1,10.767578125
6,0,0,1,2,0,1,0,0,0,0,0,0,0,22,8,1,1,1,10.9208984375
1,0,0,0,0,0,0,0,0,0,0,0,0,0,20,10,1,1,1,106.7373046875
1,0,1,0,0,1,0,0,0,0,0,0,0,0,89,5,2,2,2,25.435546875
1,0,0,3,4,0,0,0,0,0,0,0,0,0,14,6,1,1,1,16.4580078125
0,0,0,1,2,0,0,0,0,0,0,0,0,0,9,2,0,1,1,15.0107421875
1,0,0,4,5,0,0,1,0,0,0,0,0,0,37,9,1,1,1,97.865234375
1,0,0,1,2,0,1,0,0,0,0,0,0,0,9,1,1,1,1,76.232421875
1,0,0,0,1,0,1,0,0,0,0,0,0,0,10,3,1,1,1,40.193359375
1,0,0,1,2,0,0,1,0,0,0,0,0,0,15,2,1,1,1,10.794921875
1,0,0,1,1,0,1,0,0,0,0,0,0,0,6,2,1,1,1,6.5927734375
1,0,0,3,4,0,0,0,0,0,0,0,0,0,14,6,1,1,1,4.322265625
1,0,0,0,0,0,0,0,0,0,0,0,0,0,41,5,0,0,1,213.9619140625
1,0,0,1,2,0,0,0,0,0,0,0,0,0,7,1,0,1,1,5.234375
1,0,1,0,0,0,0,1,0,0,0,0,0,0,15,13,0,0,1,186.705078125
1,0,0,1,2,0,0,0,0,0,0,0,0,0,9,2,0,1,0,1.947265625
1,0,1,0,0,0,0,0,0,0,0,0,0,0,29,11,2,2,2,205.1904296875
1,0,0,2,3,0,1,1,0,0,0,0,0,0,15,2,1,1,1,9.9970703125
0,0,0,1,2,0,0,0,0,0,0,0,0,0,9,2,0,1,1,58.76953125
3,0,0,0,0,0,0,0,0,0,0,0,0,0,62,9,2,2,2,46.5166015625
9,0,0,1,2,0,1,0,0,0,0,0,0,0,25,9,1,1,1,36.298828125
1,0,0,1,1,0,1,0,0,0,0,0,0,0,4,1,1,1,1,7.9208984375
1,0,0,0,0,0,0,0,0,0,0,0,0,0,32,9,1,1,1,51.02734375
5,1,0,2,3,0,1,1,0,0,0,0,0,0,28,6,1,1,1,9.8642578125
1,0,0,1,1,0,1,0,0,0,0,0,0,0,4,1,0,1,0,2.986328125
1,0,1,0,0,0,1,1,0,0,0,0,0,0,27,18,0,0,1,518.75390625
1,0,0,1,1,0,1,0,0,0,0,0,0,0,10,3,1,1,1,10.1533203125
1,0,0,0,1,0,1,0,0,0,0,0,0,0,8,2,1,1,1,12.59765625
1,0,0,1,1,0,1,0,0,0,0,0,0,0,8,2,0,0,0,1.251953125
1,0,0,1,1,0,1,1,0,0,0,0,0,0,20,7,2,2,2,49.8974609375
3,0,0,0,0,0,0,0,0,0,0,0,0,0,57,9,2,2,2,53.521484375
1,0,0,0,0,0,0,0,0,0,0,0,0,0,62,7,1,1,1,206.5322265625
1,0,0,0,0,0,0,0,0,0,0,0,0,0,15,3,1,1,1,110.8310546875
54,0,0,1,2,0,1,0,0,0,0,0,0,0,189,64,3,3,3,238.3369140625
1,0,0,3,4,0,0,1,0,0,0,0,0,0,71,56,1,1,1,79.298828125
1,0,0,1,1,0,1,0,0,0,0,0,0,0,4,1,0,1,0,1.33203125
1,0,1,0,0,0,0,0,0,0,0,0,0,0,12,4,2,2,2,67.310546875
1,0,0,5,6,0,0,1,0,0,0,0,0,0,72,55,1,1,1,126.2822265625
1,0,0,2,3,0,1,1,0,0,0,0,0,0,15,2,1,1,1,9.8759765625
1,0,0,2,3,0,1,1,0,0,0,0,0,0,15,2,1,1,1,9.8984375
1,0,0,2,3,0,1,1,0,0,0,0,0,0,15,2,1,1,1,9.857421875
0,0,2,0,0,0,0,1,0,0,0,1,1,0,25,15,0,0,1,56.0146484375
1,0,0,1,1,0,1,0,0,0,0,0,0,0,9,5,1,1,1,7.4326171875
1,0,0,1,2,0,0,1,0,0,0,0,0,0,15,2,1,1,1,10.8359375
11,1,0,4,5,0,0,1,0,1,0,9,1,0,89,31,1,1,2,603.1962890625
1,0,0,0,1,0,1,0,0,0,0,0,0,0,8,2,1,1,1,12.57421875
1,0,0,1,2,0,0,0,0,0,0,0,0,0,7,1,0,1,1,5.1767578125
22,0,0,1,1,0,1,0,0,0,0,0,0,0,26,1,1,1,1,10.5478515625
1,0,0,0,1,0,1,0,0,0,0,0,0,0,10,3,1,1,1,40.46484375
2,0,0,1,1,0,1,0,0,0,0,1,0,0,13,2,1,1,1,5.900390625
1,0,0,3,4,0,0,0,0,0,0,0,0,0,14,6,1,1,1,4.3935546875
69,0,0,2,1,0,0,1,0,0,0,0,0,0,411,183,1,1,1,692.5078125
1,0,0,3,4,0,0,0,0,0,0,0,0,0,14,6,1,1,1,4.38671875
4,0,0,1,2,0,1,0,0,0,0,0,0,0,17,5,1,1,1,10.2255859375
0,0,2,0,0,0,0,1,0,0,0,1,1,0,25,15,0,0,1,53.1748046875
1,0,0,2,3,0,1,1,0,0,0,0,0,0,15,2,1,1,1,9.87109375
1,0,0,0,0,0,1,0,0,0,0,0,0,0,20,7,1,1,1,239.830078125
1,0,0,1,2,0,0,1,0,0,0,0,0,0,15,2,1,1,1,9.4111328125
1,0,0,0,0,0,0,0,0,0,0,0,0,0,20,7,0,0,1,187.5625
1,0,0,1,1,0,0,1,0,0,0,0,0,0,38,6,1,1,1,35.1640625
1,0,0,1,1,0,1,1,0,0,0,0,0,0,19,7,2,2,2,46.083984375
0,0,2,0,0,0,0,0,0,0,0,0,0,0,39,24,0,0,1,590.7041015625
3,0,0,0,0,0,0,0,0,0,0,0,0,0,63,9,2,2,2,44.89453125
1,0,0,2,3,0,1,1,0,0,0,0,0,0,15,2,1,1,1,9.8876953125
5,0,0,1,2,0,1,0,0,0,0,0,0,0,17,5,1,1,1,29.861328125
0,0,0,2,3,0,0,0,0,0,0,0,0,0,12,3,1,1,1,17.3955078125
0,0,0,1,2,0,0,0,0,0,0,0,0,0,9,2,0,1,1,15.1396484375
0,0,2,0,0,0,0,0,0,0,0,0,0,0,39,24,0,0,1,590.720703125
1,0,0,1,1,0,1,1,0,0,0,0,0,0,19,7,2,2,2,33.12109375
1,0,0,5,6,0,0,0,0,0,0,0,0,0,21,11,1,1,1,7.380859375
36,0,0,2,2,0,1,0,0,0,0,0,0,0,195,65,1,1,1,615.7939453125
1,0,0,0,0,0,0,0,0,0,0,0,0,0,22,5,0,0,1,143.3017578125
1,0,0,5,6,0,0,5,0,0,0,0,0,0,73,18,7,7,7,45.2822265625
2,0,0,0,0,0,0,0,0,0,0,0,0,0,16,3,1,1,1,300.7021484375
0,0,1,0,0,0,0,0,0,0,0,0,0,0,4,4,0,0,1,7.2705078125
1,0,0,1,2,0,1,0,0,0,0,0,0,0,9,1,1,1,1,75.64453125
1,0,0,1,1,0,1,0,0,0,0,0,0,0,7,2,1,1,1,5.6982421875
1,0,0,3,4,0,0,0,0,0,0,0,0,0,16,8,1,1,1,6.091796875
1,0,0,2,3,0,1,1,0,0,0,0,0,0,15,2,1,1,1,9.810546875
22,0,0,1,1,0,1,0,0,0,0,0,0,0,26,1,1,1,1,10.2841796875
1,0,0,1,2,0,0,0,0,0,0,0,0,0,9,2,0,1,0,1.9541015625
1,0,0,1,2,0,0,1,0,0,0,0,0,0,15,2,1,1,1,10.5947265625
1,0,0,0,1,0,1,0,0,0,0,0,0,0,10,3,1,1,1,40.501953125
7,0,0,1,2,0,1,0,0,0,0,0,0,0,24,8,1,1,1,16.919921875
2,0,0,0,0,0,0,0,0,0,0,0,0,0,58,10,2,2,2,81.865234375
1,0,0,1,1,0,1,0,0,0,0,0,0,0,7,2,1,1,1,4.9169921875
1,0,0,2,3,0,1,1,0,0,0,0,0,0,15,2,1,1,1,9.9658203125
1,0,0,2,3,0,1,1,0,0,0,0,0,0,15,2,1,1,1,9.8759765625
1,0,0,2,3,0,1,1,0,0,0,0,0,0,15,2,1,1,1,9.9248046875
1,0,0,1,1,0,1,0,0,0,0,0,0,0,7,2,1,1,1,5.7607421875
1,0,0,1,2,0,0,0,0,0,0,0,0,0,7,1,0,1,1,3.8349609375
3,0,0,0,0,0,1,0,0,0,0,0,0,0,76,4,1,1,1,35.6748046875
2,0,0,0,0,0,0,0,0,0,0,0,0,0,53,8,2,2,2,34.3251953125
5,0,0,1,1,0,1,0,0,0,0,0,0,0,25,4,1,1,1,11.2939453125
1,0,0,0,1,0,1,0,0,0,0,0,0,0,8,2,1,1,1,12.708984375
0,0,2,0,0,0,0,0,0,0,0,0,0,0,39,24,0,0,1,590.5966796875
6,0,0,0,0,0,0,0,0,0,0,0,0,0,145,52,2,2,2,290.56640625
3,0,0,0,0,0,1,0,0,0,0,0,0,0,31,12,1,1,1,299.21875
1966,0,0,2,1,1,1,2,0,0,1,0,0,0,22625,1746,4,4,4,14417.7119140625
1,0,0,3,4,0,0,0,0,0,0,0,0,0,14,6,1,1,1,4.3486328125
1,0,0,4,5,0,0,1,0,0,0,0,0,0,37,9,1,1,1,97.990234375
1,0,0,0,1,0,1,0,0,0,0,0,0,0,8,2,1,1,1,12.5498046875
1,0,0,3,4,0,0,0,0,0,0,0,0,0,14,6,1,1,1,4.3359375
2,0,0,1,2,0,1,0,0,0,0,0,0,0,11,2,0,1,0,8.7890625
1,0,0,2,3,0,0,0,0,0,0,0,0,0,12,5,1,1,1,5.9638671875
7,0,0,1,2,0,1,0,0,0,0,0,0,0,24,8,1,1,1,16.640625
1,0,0,1,1,0,1,0,0,0,0,0,0,0,6,3,1,1,1,2000.0
0,0,1,0,0,0,0,0,0,0,0,0,0,0,10,8,0,0,1,111.6748046875
1,0,1,0,0,0,0,0,0,0,0,0,0,0,42,13,2,2,2,252.6689453125
1,0,0,0,1,0,1,0,0,0,0,0,0,0,8,2,1,1,1,12.90234375
1,0,0,0,1,0,1,0,0,0,0,0,0,0,8,2,1,1,1,12.708984375
2,0,0,0,0,0,0,0,0,0,0,0,0,0,60,8,2,2,2,40.1513671875
1,0,1,0,0,0,0,0,0,0,0,0,0,0,16,5,2,2,2,88.298828125
1,0,0,1,2,0,0,1,0,0,0,0,0,0,15,2,1,1,1,10.705078125
5,0,0,1,2,0,1,0,0,0,0,0,0,0,19,7,1,1,1,9.4619140625
1,0,0,0,1,0,1,0,0,0,0,0,0,0,8,2,1,1,1,12.533203125
1,0,0,1,1,0,1,0,0,0,0,0,0,0,7,2,1,1,1,8.3212890625
2,0,1,1,1,1,0,0,0,0,0,0,0,0,22,8,3,3,3,359.08984375
12,1,0,4,5,0,0,1,0,1,0,9,1,0,89,31,1,1,2,741.693359375
3,0,0,0,0,0,1,0,0,0,0,0,0,0,31,12,1,1,1,299.21875
12,1,0,4,5,0,0,1,0,1,0,9,1,0,89,31,1,1,2,249.625
1,0,0,1,2,0,0,0,0,0,0,0,0,0,7,1,0,1,0,5.095703125
1,0,0,0,1,0,1,0,0,0,0,0,0,0,8,2,1,1,1,12.4443359375
3,0,0,3,4,0,1,0,0,0,0,0,0,0,23,7,1,1,1,30.619140625
3,0,0,0,0,0,1,0,0,0,0,0,0,0,71,4,1,1,1,34.71875
20,0,0,1,1,0,1,0,0,0,0,0,0,0,24,1,1,1,1,5.2294921875
0,0,2,0,0,0,0,0,0,0,0,0,0,0,39,24,0,0,1,590.8916015625
1,0,0,1,2,0,0,1,0,0,0,0,0,0,15,2,1,1,1,10.7744140625
1,0,0,1,1,0,1,0,0,0,0,0,0,0,9,5,1,1,1,7.6025390625
3,0,0,0,0,0,1,0,0,0,0,0,0,0,68,4,1,1,1,32.462890625
1,0,0,2,3,0,1,1,0,0,0,0,0,0,15,2,1,1,1,6.41796875
1,0,0,1,2,0,0,0,0,0,0,0,0,0,9,2,0,1,0,1.857421875
0,0,0,1,2,0,0,0,0,0,0,0,0,0,9,2,0,1,1,15.1279296875
1,0,0,1,1,0,1,0,0,0,0,0,0,0,4,1,0,1,0,3.0263671875
22,0,0,1,1,0,1,0,0,0,0,0,0,0,26,1,1,1,1,10.90234375
1,0,0,2,3,0,1,1,0,0,0,0,0,0,15,2,1,1,1,9.98828125
1,0,0,1,3,0,1,0,0,0,0,0,0,0,13,2,0,1,0,2.45703125
1,0,0,0,1,0,1,0,0,0,0,0,0,0,8,2,1,1,1,12.2412109375
1,0,0,3,4,0,0,0,0,0,0,0,0,0,14,6,1,1,1,4.4296875
1,0,0,5,6,0,1,0,0,0,0,0,0,0,18,2,1,1,1,81.2421875
9,0,0,1,2,0,1,0,0,0,0,0,0,0,28,10,1,1,1,14.3974609375
1,0,1,0,0,1,0,0,0,0,0,0,0,0,89,5,2,2,2,25.435546875
1,0,0,0,1,0,1,0,0,0,0,0,0,0,8,2,1,1,1,12.6318359375
2,0,0,1,1,0,1,0,0,0,0,1,0,0,13,2,1,1,1,5.90234375
1,0,0,1,2,0,0,1,0,0,0,0,0,0,15,2,1,1,1,10.875
1,0,1,0,0,0,0,0,0,0,0,0,0,0,18,7,2,2,2,185.8134765625
1,0,0,1,1,0,1,0,0,0,0,0,0,0,4,1,1,1,1,3.5478515625
4,0,0,0,0,0,1,0,0,0,0,0,0,0,69,5,1,1,1,33.369140625
4,0,0,0,0,0,1,0,0,0,0,0,0,0,75,5,1,1,1,47.2763671875
1,0,0,2,3,0,1,1,0,0,0,0,0,0,15,2,1,1,1,6.4130859375
12,0,0,0,0,3,2,3,0,0,0,1,1,0,15,1,9,15,6,6.1298828125
0,0,0,2,3,0,0,0,0,0,0,0,0,0,12,3,1,1,1,18.341796875
1,0,0,1,1,0,1,0,0,0,0,0,0,0,6,3,1,1,1,8.154296875
2,0,0,0,0,0,0,0,0,0,0,0,0,0,63,8,2,2,2,36.6259765625
2,0,0,1,2,0,1,0,0,0,0,0,0,0,13,3,1,1,1,4.69921875
1,0,0,0,0,0,1,0,0,0,0,0,0,0,20,7,1,1,1,239.0380859375
1,0,0,1,2,0,0,0,0,0,0,0,0,0,9,3,1,1,1,3.486328125
1,0,0,0,1,0,1,0,0,0,0,0,0,0,8,2,1,1,1,12.6767578125
1,0,0,0,1,0,1,0,0,0,0,0,0,0,8,2,1,1,1,12.7900390625
2,0,0,1,1,1,0,1,0,0,0,0,1,0,17,4,1,1,1,7.8818359375
21,0,0,1,2,0,1,0,0,0,0,0,0,0,54,22,1,1,1,54.8564453125
1,0,0,0,0,0,0,0,0,0,0,3,0,0,10,4,0,0,0,4.0185546875
1,0,0,0,1,0,1,0,0,0,0,0,0,0,8,2,1,1,1,12.4443359375
6,0,0,2,3,0,1,0,0,0,0,0,0,0,27,9,1,1,1,31.5458984375
0,0,0,1,2,0,0,0,0,0,0,0,0,0,9,2,0,1,1,57.96484375
12,1,0,4,5,0,0,1,0,1,0,9,1,0,89,31,1,1,2,249.625
1,0,0,3,4,0,0,0,0,0,0,0,0,0,11,3,0,1,0,2000.0
1,0,0,0,0,0,0,0,0,0,0,0,0,0,18,5,2,2,2,60.3740234375
4,0,0,1,2,0,1,0,0,0,0,0,0,0,18,5,1,1,1,10.34375
1,0,0,3,4,0,0,0,0,0,0,0,0,0,13,5,1,1,1,4.478515625
1,0,0,0,0,1,0,0,0,0,0,0,0,0,7,2,1,1,1,6.9326171875
1,0,0,1,2,0,0,1,0,0,0,0,0,0,15,2,1,1,1,10.875
1,0,0,1,1,0,1,0,0,0,0,0,0,0,8,2,1,1,1,129.888671875
1,0,0,0,0,0,1,0,0,0,0,0,0,0,20,7,1,1,1,239.0185546875
1,0,0,0,0,0,0,0,0,0,0,0,0,0,56,6,1,1,1,99.296875
1,0,0,0,1,0,1,0,0,0,0,0,0,0,8,2,1,1,1,12.779296875
1,0,0,0,0,0,1,0,0,0,0,0,0,0,20,7,1,1,1,239.0185546875
3,0,0,0,0,0,1,0,0,0,0,0,0,0,31,12,1,1,1,299.21875
0,0,0,1,2,0,0,0,0,0,0,0,0,0,9,2,0,1,1,15.0830078125
1,0,0,2,3,0,1,1,0,0,0,0,0,0,15,2,1,1,1,9.9248046875
11,0,0,1,2,0,1,0,0,0,0,0,0,0,88,44,3,3,3,310.02734375
1,0,1,0,0,0,0,0,0,0,0,0,0,0,16,5,2,2,2,75.8896484375
2,0,0,0,0,0,0,0,0,0,0,0,0,0,54,8,2,2,2,50.1044921875
0,0,0,0,0,0,0,0,0,0,0,0,0,0,7,1,1,1,1,3.4072265625
25,0,1,1,1,1,1,0,0,0,1,0,0,0,169,70,3,3,3,1160.9716796875
1,0,0,0,1,0,1,0,0,0,0,0,0,0,8,2,1,1,1,12.8134765625
1,0,0,1,1,0,1,0,0,0,0,0,0,0,4,1,1,1,1,5.9736328125
1,0,1,0,0,0,0,0,0,0,0,0,0,0,18,7,2,2,2,185.8134765625
1,0,0,2,1,0,0,0,0,0,0,0,0,0,9,2,0,1,0,22.23828125
1,0,0,5,6,0,0,0,0,0,0,0,0,0,21,11,1,1,1,7.3740234375
1,0,0,1,2,0,1,0,0,0,0,0,0,0,9,1,1,1,1,9.0234375
1,0,0,2,3,0,0,1,0,0,0,0,0,0,11,2,0,0,0,59.515625
1,0,0,0,1,0,1,0,0,0,0,0,0,0,8,2,1,1,1,12.6865234375
1,0,0,3,4,0,0,0,0,0,0,0,0,0,16,8,1,1,1,6.091796875
1,0,0,0,0,0,0,0,0,0,0,0,0,0,25,6,1,1,1,213.396484375
1,0,0,1,2,0,0,0,0,0,0,0,0,0,9,2,0,1,0,2.396484375
1,0,0,1,2,0,0,0,0,0,0,0,0,0,9,3,1,1,1,4.244140625
5,0,0,1,2,0,1,0,0,0,0,0,0,0,19,7,1,1,1,9.4619140625
1,0,0,5,6,0,0,0,0,0,0,0,0,0,21,11,1,1,1,7.3720703125
1,0,0,1,2,0,0,1,0,0,0,0,0,0,15,2,1,1,1,10.9091796875
1,0,0,2,3,0,0,0,0,0,0,0,0,0,12,5,1,1,1,5.9619140625
0,0,0,1,1,0,1,0,0,0,0,0,0,0,2,1,1,1,1,2.0869140625
1,0,4,0,0,0,0,0,0,0,0,0,0,0,14,11,0,0,2,7.9130859375
1,0,0,3,4,0,0,0,0,0,0,0,0,0,13,5,1,1,1,4.5244140625
2,0,0,0,0,0,0,0,0,0,0,0,0,0,55,8,2,2,2,41.8837890625
1,0,0,1,2,0,0,0,0,0,0,0,0,0,7,1,0,1,1,3.861328125
0,0,0,2,3,0,0,0,0,0,0,0,0,0,12,3,1,1,1,18.341796875
0,0,2,0,0,0,0,0,0,0,0,0,0,0,39,24,0,0,1,553.1962890625
1,0,0,1,2,0,1,0,0,0,0,0,0,0,9,1,1,1,1,8.2080078125
1,0,0,3,4,0,0,0,0,0,0,0,0,0,14,6,1,1,1,4.322265625
2,0,2,0,1,0,0,15,0,0,0,0,0,0,158,37,30,30,15,140.8388671875
1,0,0,1,1,0,1,0,0,0,0,0,0,0,6,3,1,1,1,3.69140625
1,0,1,0,0,0,0,0,0,0,0,0,0,0,25,9,2,2,2,218.5478515625
0,0,0,1,2,0,0,0,0,0,0,0,0,0,9,2,0,1,1,15.1376953125
1,0,0,0,0,0,1,0,0,0,0,0,0,0,20,7,1,1,1,238.078125
1,0,0,1,1,0,1,0,0,0,0,0,0,0,6,3,1,1,1,3.765625
3,0,0,0,0,0,1,0,0,0,0,0,0,0,70,4,1,1,1,32.453125
1,0,0,1,1,0,1,0,0,0,0,0,0,0,8,2,1,1,1,129.888671875
1,0,0,2,3,0,0,0,0,0,0,0,0,0,12,5,1,1,1,6.01953125
1,0,0,1,2,0,0,0,0,0,0,0,0,0,9,3,1,1,1,2.6884765625
1,0,0,1,1,0,1,0,0,0,0,0,0,0,8,2,0,0,0,1.251953125
3,0,0,0,0,0,0,0,0,0,0,0,0,0,66,9,2,2,2,46.78515625
1,0,0,0,1,0,1,0,0,0,0,0,0,0,8,2,1,1,1,12.6220703125
1,0,0,0,1,0,1,0,0,0,0,0,0,0,8,2,1,1,1,12.8017578125
1,0,0,3,4,0,0,0,0,0,0,0,0,0,14,6,1,1,1,16.06640625
1,0,0,0,1,0,1,0,0,0,0,0,0,0,8,2,1,1,1,12.8642578125
2,0,0,1,1,0,0,0,0,0,0,0,0,0,9,2,0,0,0,8.0
0,0,2,0,0,0,0,0,0,0,0,0,0,0,39,24,0,0,1,590.5185546875
0,0,0,1,2,0,0,0,0,0,0,0,0,0,9,2,0,1,1,71.7158203125
1,0,0,5,6,0,0,0,0,0,0,0,0,0,21,11,1,1,1,7.3720703125
1,0,1,0,0,0,0,0,0,0,0,0,0,0,24,8,2,2,2,268.46875
1,0,0,3,4,0,0,0,0,0,0,0,0,0,16,8,1,1,1,6.2255859375
0,0,0,2,3,0,0,0,0,0,0,0,0,0,12,3,1,1,1,18.6796875
1,0,0,0,0,0,1,0,0,0,0,0,0,0,12,3,1,1,1,34.671875
1,0,1,0,0,0,0,0,0,0,0,0,0,0,27,9,2,2,2,174.771484375
0,0,0,0,0,0,0,0,0,0,0,0,0,0,7,1,1,1,1,3.4990234375
2,0,0,2,3,0,1,1,0,0,0,0,0,0,18,3,1,1,0,6.6962890625
3,0,0,0,0,0,1,0,0,0,0,0,0,0,65,4,1,1,1,31.4697265625
2,0,0,1,2,0,1,0,0,0,0,0,0,0,13,3,1,1,1,4.7724609375
1,0,0,0,0,0,0,0,0,0,0,0,0,0,20,6,1,1,1,121.798828125
0,0,0,1,2,0,0,0,0,0,0,0,0,0,9,2,0,1,1,15.08984375
3,0,0,0,0,0,1,0,0,0,0,0,0,0,31,12,1,1,1,299.21875
1,0,0,0,0,0,0,0,0,0,0,0,0,0,20,10,0,0,1,51.1337890625
3,0,0,0,0,0,0,0,0,0,0,0,0,0,62,9,2,2,2,41.380859375
0,0,0,2,3,0,0,0,0,0,0,0,0,0,12,3,1,1,1,19.296875
1,0,0,1,1,0,1,0,0,0,0,0,0,0,10,3,1,1,1,10.1533203125
1,0,0,0,1,0,1,0,0,0,0,0,0,0,8,2,1,1,1,12.6611328125
12,1,0,4,5,0,0,1,0,1,0,9,1,0,89,31,1,1,2,412.4189453125
4,0,0,0,0,0,1,0,0,0,0,0,0,0,72,5,1,1,1,35.2060546875
1,0,0,1,2,0,0,0,0,0,0,0,0,0,7,1,0,1,1,5.1767578125
0,0,2,0,0,0,0,0,0,0,0,0,0,0,39,24,0,0,1,590.9453125
1,0,0,5,6,0,0,0,0,0,0,0,0,0,19,9,1,1,1,4.603515625
1,0,0,1,2,0,0,1,0,0,0,0,0,0,15,2,1,1,1,10.7490234375
36,0,0,2,2,0,1,0,0,0,0,0,0,0,195,65,1,1,1,615.6435546875
1,0,0,1,2,0,0,0,0,0,0,0,0,0,7,1,0,1,1,5.234375
0,0,2,0,0,0,0,0,0,0,0,0,0,0,39,24,0,0,1,553.548828125
24,0,0,1,1,1,2,0,0,0,1,0,0,0,624,88,2,2,2,791.6806640625
1,0,0,0,1,0,1,0,0,0,0,0,0,0,8,2,1,1,1,12.6220703125
6,0,0,1,2,0,1,0,0,0,0,0,0,0,22,7,1,1,1,13.0322265625
2,0,0,2,3,0,1,1,0,0,0,0,0,0,18,3,1,1,1,6.7138671875
1,0,0,1,2,0,0,0,0,0,0,0,0,0,8,2,1,1,1,7.1416015625
1,0,0,2,3,0,1,1,0,0,0,0,0,0,14,2,1,1,1,5.80078125
1,0,1,0,0,0,0,0,0,0,0,0,0,0,17,6,2,2,2,174.265625
1,0,0,3,4,0,0,0,0,0,0,0,0,0,14,6,1,1,1,4.2451171875
1,0,0,1,2,0,0,0,0,0,0,0,0,0,7,1,0,1,1,3.8583984375
1,0,0,3,4,0,0,0,0,0,0,0,0,0,14,6,1,1,1,16.16796875
1,0,0,1,2,0,0,1,0,0,0,0,0,0,15,2,1,1,1,10.6142578125
1,0,0,0,1,0,1,0,0,0,0,0,0,0,8,2,1,1,1,12.9453125
25,0,1,1,1,1,1,0,0,0,1,0,0,0,169,70,3,3,3,1157.3681640625
1,0,0,1,1,0,1,0,0,0,0,0,0,0,8,2,0,0,0,1.181640625
1,0,0,1,1,0,1,0,0,0,0,0,0,0,7,2,1,1,1,6.4560546875
1,0,0,0,1,0,1,0,0,0,0,0,0,0,8,2,1,1,1,12.5478515625
6,0,0,1,2,0,1,0,0,0,0,0,0,0,22,7,1,1,1,12.58203125
1,0,0,2,3,0,1,1,0,0,0,0,0,0,15,2,1,1,1,9.998046875
1,0,0,3,4,0,1,0,0,0,0,0,0,0,18,4,1,1,1,11.2265625
0,0,0,1,2,0,0,0,0,0,0,0,0,0,9,2,0,1,1,14.9033203125
1,0,0,1,2,0,0,0,0,0,0,0,0,0,7,1,0,1,1,5.138671875
1,0,0,0,1,0,1,0,0,0,0,0,0,0,8,2,1,1,1,12.8818359375
1,0,0,1,2,0,0,0,0,0,0,0,0,0,9,2,0,1,0,1.916015625
4,0,1,1,1,1,1,0,0,0,1,0,0,0,92,49,5,5,4,332.2880859375
1,0,0,1,1,0,1,0,0,0,0,0,0,0,4,1,0,1,0,2.9833984375
1,0,0,1,1,0,1,0,0,0,0,0,0,0,7,2,1,1,1,5.0244140625
22,0,0,1,1,0,1,0,0,0,0,0,0,0,26,1,1,1,1,10.150390625
1,0,0,0,0,0,1,0,0,0,0,0,0,0,12,3,1,1,1,34.6748046875
0,0,7,0,0,0,1,1,0,0,0,0,0,0,42,40,0,0,1,125.712890625
1,0,0,0,1,0,1,0,0,0,0,0,0,0,8,2,1,1,1,12.8408203125
1,0,0,1,2,0,0,0,0,0,0,0,0,0,9,3,1,1,1,3.904296875
1,0,0,1,1,0,1,0,0,0,0,0,0,0,8,2,0,0,0,1.251953125
1,0,0,0,0,0,0,0,0,0,0,0,0,0,63,12,0,0,1,69.19921875
2,0,0,1,1,0,1,1,0,0,0,0,1,0,44,13,1,1,1,145.5927734375
0,0,0,0,0,0,0,0,0,0,0,0,0,0,7,1,1,1,1,3.4951171875
1,0,0,0,0,0,1,0,0,0,0,0,0,0,20,7,1,1,1,238.078125
1,0,0,1,2,0,0,0,0,0,0,0,0,0,9,2,0,1,0,1.9189453125
1,0,0,1,1,0,1,0,0,0,0,0,0,0,7,1,1,1,1,1.125
0,0,2,0,0,0,0,0,0,0,0,0,0,0,39,24,0,0,1,590.8046875
1,0,0,0,0,0,0,0,0,0,0,0,0,0,29,11,1,1,1,423.587890625
22,0,0,1,1,0,1,0,0,0,0,0,0,0,26,1,1,1,1,10.5478515625
1,0,1,0,0,0,0,0,0,0,0,0,0,0,17,6,2,2,2,174.265625
1,0,0,1,2,0,0,0,0,0,0,0,0,0,7,1,0,1,1,3.8916015625
5,0,0,1,2,0,1,0,0,0,0,0,0,0,97,28,2,2,2,1562.751953125
1,0,0,1,2,0,0,0,0,0,0,0,0,0,7,1,0,1,1,3.8466796875
1,0,0,0,1,0,1,0,0,0,0,0,0,0,8,2,1,1,1,12.275390625
1,0,0,2,3,0,1,1,0,0,0,0,0,0,15,2,1,1,1,9.8203125
1,0,0,1,2,0,0,0,0,0,0,0,0,0,9,2,0,1,0,1.853515625
0,0,2,0,0,0,0,1,0,0,0,1,1,0,25,15,0,0,1,53.2646484375
1,0,0,0,1,0,1,0,0,0,0,0,0,0,8,2,1,1,1,12.4580078125
1,0,0,2,3,0,1,1,0,0,0,0,0,0,15,2,1,1,1,9.8447265625
1,0,0,0,0,0,0,0,0,0,0,0,0,0,86,28,2,2,2,196.7353515625
5,0,0,1,2,0,1,0,0,0,0,0,0,0,17,5,1,1,1,29.861328125
1,0,0,2,3,0,1,1,0,0,0,0,0,0,15,2,1,1,1,6.4111328125
6,0,0,1,2,0,1,0,0,0,0,0,0,0,22,7,1,1,1,15.0576171875
1,0,0,0,0,0,0,0,0,0,0,0,0,0,43,5,1,1,1,139.763671875
1,0,0,1,2,0,1,0,0,0,0,0,0,0,9,1,1,1,1,27.298828125
0,0,2,1,1,1,0,1,0,0,0,1,1,0,25,15,0,0,1,52.806640625
1,0,0,0,0,0,1,0,0,0,0,0,0,0,20,7,1,1,1,239.0185546875
1,0,0,0,0,0,0,0,0,0,0,0,0,0,20,6,1,1,1,121.7958984375
0,0,2,0,0,0,0,0,0,0,0,0,0,0,39,24,0,0,1,553.2861328125
1,0,0,1,1,0,1,0,0,0,0,0,0,0,6,3,1,1,1,8.154296875
1,0,0,1,1,0,1,0,0,0,0,0,0,0,4,1,1,1,1,6.2080078125
12,1,0,4,5,0,0,1,0,1,0,9,1,0,89,31,1,1,2,349.693359375
1,0,0,0,1,0,1,0,0,0,0,0,0,0,8,2,1,1,1,12.4013671875
1,0,0,1,2,0,0,0,0,0,0,0,0,0,9,2,0,1,0,1.955078125
1,0,1,0,0,0,0,0,0,0,0,0,0,0,18,7,2,2,2,185.8154296875
7,0,0,1,2,0,1,0,0,0,0,0,0,0,24,8,1,1,1,13.626953125
0,0,0,2,3,0,0,0,0,0,0,0,0,0,12,3,1,1,1,17.189453125
1,0,6,0,0,0,0,1,0,0,0,9,0,0,35,33,0,0,0,77.849609375
4,0,0,1,2,0,1,0,0,0,0,0,0,0,17,5,1,1,1,38.1015625
2,0,0,1,1,0,1,0,0,0,0,1,0,0,12,2,0,0,0,1.3642578125
1,0,0,1,2,0,1,0,0,0,0,0,0,0,16,1,1,1,1,37.185546875
1,0,1,0,1,0,0,9,0,0,0,0,0,0,113,25,18,18,10,108.419921875
1,0,0,0,0,0,0,0,0,0,0,0,0,0,10,4,1,1,1,155.1298828125
1,0,0,1,1,0,1,1,0,1,0,1,1,0,17,3,1,1,1,2.7041015625
3,0,0,3,4,0,1,0,0,0,0,0,0,0,23,7,1,1,1,30.619140625
1,0,0,1,2,0,0,0,0,0,0,0,0,0,11,3,1,1,1,27.953125
1,0,0,0,0,0,0,0,0,0,0,0,0,0,47,8,1,1,1,484.5205078125
7,0,0,1,2,0,1,0,0,0,0,0,0,0,24,8,1,1,1,15.3193359375
2,0,0,0,0,0,0,0,0,0,0,0,0,0,56,10,2,2,2,42.5478515625
1,0,0,2,3,0,1,1,0,0,0,0,0,0,13,2,0,0,0,3.9423828125
1,0,0,1,1,0,1,0,0,0,0,0,0,0,9,5,1,1,1,9.7236328125
2,0,0,3,4,0,2,0,0,0,0,0,0,0,21,8,2,3,3,2000.0
20,0,0,1,1,1,1,0,0,0,1,0,0,0,328,153,4,4,4,721.83203125
1,0,0,1,1,0,1,0,0,0,0,0,0,0,4,1,0,1,0,3.23046875
2,0,0,0,0,0,0,0,0,0,0,0,0,0,55,8,2,2,2,37.7333984375
1,0,1,0,0,0,0,0,0,0,0,0,0,0,18,6,2,2,2,86.4931640625
4,0,0,0,0,0,1,0,0,0,0,0,0,0,68,5,1,1,1,32.1806640625
1,0,1,0,0,0,0,1,0,0,0,0,0,0,12,10,0,0,1,134.6201171875
0,0,0,1,2,0,0,0,0,0,0,0,0,0,9,2,0,1,1,58.76953125
5,0,0,1,2,0,1,0,0,0,0,0,0,0,19,7,1,1,1,9.4619140625
1,0,0,5,6,0,0,0,0,0,0,0,0,0,19,9,1,1,1,4.7353515625
1,0,0,3,4,0,0,0,0,0,0,0,0,0,16,8,1,1,1,6.2255859375
3,0,0,0,0,0,1,0,0,0,0,0,0,0,31,12,1,1,1,299.21875
3,0,0,0,0,0,1,0,0,0,0,0,0,0,68,4,1,1,1,33.0908203125
0,0,2,0,0,0,0,0,0,0,0,0,0,0,39,24,0,0,1,553.228515625
3,0,0,0,0,0,0,0,0,0,0,0,0,0,57,9,2,2,2,52.728515625
1,0,0,2,3,0,1,1,0,0,0,0,0,0,15,2,1,1,1,9.8447265625
1,0,0,1,2,0,0,0,0,0,0,0,0,0,9,3,1,1,1,3.90625
1,0,0,1,2,0,0,0,0,0,0,0,0,0,9,3,1,1,1,3.5634765625
1,0,0,0,1,0,1,0,0,0,0,0,0,0,8,2,1,1,1,12.7900390625
1,0,0,0,0,0,0,0,0,0,0,0,0,0,12,4,0,0,1,58.1337890625
1,0,0,2,3,0,1,1,0,0,0,0,0,0,15,2,1,1,1,9.8603515625
2,0,0,1,1,0,1,0,0,0,0,0,0,0,8,1,0,0,0,0.759765625
1,0,1,0,0,0,0,0,0,0,0,0,0,0,14,6,2,2,2,271.2763671875
1,0,0,1,2,0,0,0,0,0,0,0,0,0,8,2,1,1,1,7.2490234375
1,0,0,1,1,0,1,0,0,0,0,0,0,0,10,3,1,1,1,39.990234375
1,0,0,0,1,0,1,0,0,0,0,0,0,0,8,2,1,1,1,12.6611328125
1,0,0,0,0,0,0,1,0,0,0,1,1,0,8,1,1,1,1,4.7109375
0,0,2,0,0,0,0,0,0,0,0,0,0,0,39,24,0,0,1,590.7177734375
0,0,0,1,2,0,0,0,0,0,0,0,0,0,9,2,0,1,1,14.9990234375
0,0,5,1,1,0,1,1,0,0,0,0,0,0,20,18,0,0,0,32.73046875
2,0,0,1,1,1,0,1,0,0,0,0,1,0,17,4,1,1,1,8.3232421875
1,0,0,3,4,0,0,0,0,0,0,0,0,0,14,6,1,1,1,4.3203125
1,0,0,1,1,0,1,0,0,0,0,0,0,0,4,1,1,1,1,7.5029296875
1,0,0,2,3,0,1,1,0,0,0,0,0,0,15,2,1,1,1,9.845703125
3,0,0,4,5,0,2,0,0,0,0,0,0,0,52,19,5,5,5,100.1279296875
1,0,0,0,1,0,1,0,0,0,0,0,0,0,8,2,1,1,1,12.6552734375
1,0,0,0,1,0,1,0,0,0,0,0,0,0,8,2,1,1,1,12.2548828125
1,0,0,1,2,0,0,0,0,0,0,0,0,0,9,3,1,1,1,3.498046875
1,0,0,1,2,0,0,1,0,0,0,0,0,0,15,2,1,1,1,10.560546875
9,0,0,1,2,0,1,0,0,0,0,0,0,0,28,10,1,1,1,14.5146484375
1,0,0,1,1,0,1,0,0,0,0,0,0,0,7,2,1,1,1,5.0263671875
1,0,0,1,2,0,0,0,0,0,0,0,0,0,9,3,1,1,1,4.11328125
6,0,0,1,2,0,1,0,0,0,0,0,0,0,22,7,1,1,1,12.283203125
1,0,0,1,2,0,0,0,0,0,0,0,0,0,7,1,0,1,1,3.8603515625
2,0,0,0,0,0,0,0,0,0,0,0,0,0,26,6,1,1,1,74.5654296875
5,0,0,1,1,0,1,0,0,0,0,0,0,0,25,4,1,1,1,11.7783203125
0,0,0,1,2,0,0,0,0,0,0,0,0,0,3,0,1,1,1,25.234375
25,1,0,0,0,0,0,0,0,0,0,8,0,0,229,54,0,0,1,287.9423828125
1,0,0,0,0,0,0,0,0,0,0,0,0,0,7,1,1,1,1,16.1328125
1,0,0,1,2,0,1,0,0,0,0,0,0,0,9,1,1,1,1,8.013671875
1,0,0,2,3,0,1,1,0,0,0,0,0,0,15,2,1,1,1,9.8759765625
1,0,0,1,2,0,0,0,0,0,0,0,0,0,9,2,0,1,0,2.396484375
20,0,0,1,1,0,1,0,0,0,0,0,0,0,24,1,1,1,1,5.30859375
1,0,0,0,1,0,1,0,0,0,0,0,0,0,8,2,1,1,1,12.5400390625
1,0,0,1,1,0,1,0,0,0,0,0,0,0,7,2,1,1,1,8.1201171875
1,0,0,1,2,0,0,0,0,0,0,0,0,0,11,3,1,1,1,27.66796875
1,0,0,0,0,0,1,0,0,0,0,0,0,0,20,7,1,1,1,238.078125
0,0,0,1,2,0,0,0,0,0,0,0,0,0,9,2,0,1,1,15.0078125
1,0,0,1,2,0,0,0,0,0,0,0,0,0,7,1,0,1,1,3.8828125
2,0,0,2,3,0,1,1,0,0,0,0,0,0,18,3,1,1,1,6.7255859375
1,0,0,0,1,0,1,0,0,0,0,0,0,0,8,2,1,1,1,12.8642578125
1,0,0,2,1,0,0,0,0,0,0,0,0,0,9,2,0,1,0,13.9267578125
1,0,0,1,1,0,1,0,0,0,0,0,0,0,4,1,1,1,1,5.787109375
2,0,0,1,2,0,1,0,0,0,0,0,0,0,14,4,1,1,1,7.880859375
1,0,0,1,2,0,0,0,0,0,0,0,0,0,7,1,0,1,0,5.0751953125
7,0,0,1,2,0,1,0,0,0,0,0,0,0,24,8,1,1,1,13.6875
1,0,0,1,1,0,1,0,0,0,0,1,0,0,9,2,1,1,1,3.890625
43,0,7,1,1,1,1,0,0,0,1,0,0,0,324,106,3,3,3,1889.427734375
1,0,0,1,2,0,0,0,0,0,0,0,0,0,7,1,0,1,1,3.8408203125
1,0,0,0,0,0,0,0,0,0,0,0,0,0,54,14,1,1,1,22.6435546875
1,0,0,2,3,0,1,1,0,0,0,0,0,0,14,2,1,1,1,5.5771484375
1,0,0,1,2,0,0,0,0,0,0,0,0,0,7,1,0,1,1,3.9111328125
1,0,0,0,0,0,1,0,0,0,0,0,0,0,20,7,1,1,1,238.078125
1,0,0,1,2,0,0,0,0,0,0,0,0,0,9,3,1,1,1,3.5615234375
1,0,0,1,2,0,1,0,0,0,0,0,0,0,9,1,1,1,1,27.3544921875
1,0,0,1,1,0,1,0,0,0,0,0,0,0,4,1,1,1,1,6.291015625
4,0,0,1,2,0,1,0,0,0,0,0,0,0,18,5,1,1,1,10.34375
1,0,0,3,4,0,0,0,0,0,0,0,0,0,14,6,1,1,1,4.34765625
0,0,0,0,0,0,0,0,0,0,0,0,0,0,7,1,1,1,1,3.3857421875
1,0,1,0,0,0,1,1,0,0,0,0,0,0,380,18,0,0,1,58.2197265625
1,0,0,1,1,0,1,0,0,0,0,0,0,0,9,5,1,1,1,9.7744140625
2,0,0,0,0,0,0,0,0,0,0,0,0,0,64,8,2,2,2,44.330078125
0,0,0,2,3,0,0,0,0,0,0,0,0,0,12,3,1,1,1,16.51953125
2,0,0,0,0,0,0,0,0,0,0,0,0,0,50,8,2,2,2,44.146484375
1,0,0,0,1,0,1,0,0,0,0,0,0,0,8,2,1,1,1,12.3671875
1,0,0,2,3,0,0,0,0,0,0,0,0,0,12,5,1,1,1,5.984375
1,0,0,1,2,0,0,0,0,0,0,0,0,0,9,2,0,1,0,1.9599609375
2,0,1,1,1,1,0,0,0,0,0,0,0,0,22,8,3,3,3,359.08984375
0,0,0,1,2,0,0,0,0,0,0,0,0,0,9,2,0,1,1,15.1455078125
22,0,0,1,1,0,1,0,0,0,0,0,0,0,26,1,1,1,1,10.1572265625
2,0,0,0,0,0,1,0,0,0,0,0,0,0,22,8,1,1,1,241.0380859375
5,0,0,1,1,0,1,0,0,0,0,0,0,0,25,4,1,1,1,11.357421875
3,0,0,0,0,0,1,0,0,0,0,0,0,0,68,4,1,1,1,33.4443359375
1,0,0,0,0,0,1,0,0,0,0,0,0,0,12,3,1,1,1,34.69921875
3,0,0,1,2,0,1,0,0,0,0,0,0,0,18,4,1,1,1,33.5869140625
1,0,0,1,2,0,0,1,0,0,0,0,0,0,15,2,1,1,1,17.896484375
1,0,0,1,2,0,0,0,0,0,0,0,0,0,9,2,0,1,0,1.9580078125
1,0,0,0,0,0,0,0,0,0,0,0,0,0,47,8,1,1,1,484.5146484375
12,0,2,1,1,1,1,0,0,0,1,0,0,0,300,218,3,3,3,1072.3310546875
1,0,0,3,4,0,0,0,0,0,0,0,0,0,14,6,1,1,1,4.365234375
6,0,0,1,2,0,1,0,0,0,0,0,0,0,22,7,1,1,1,12.58203125
1,0,0,2,3,0,1,1,0,0,0,0,0,0,15,2,1,1,1,9.8828125
0,0,0,2,3,0,0,0,0,0,0,0,0,0,12,3,1,1,1,17.046875
0,0,0,1,2,0,0,0,0,0,0,0,0,0,9,2,0,1,1,15.0107421875
1,0,0,0,0,0,0,0,0,0,0,0,0,0,41,15,1,1,1,122.029296875
3,0,0,0,0,0,0,0,0,0,0,0,0,0,59,9,2,2,2,48.921875
1,0,0,1,2,0,0,1,0,0,0,0,0,0,15,2,1,1,1,10.748046875
9,0,0,1,2,0,1,0,0,0,0,0,0,0,28,10,1,1,1,14.5146484375
4,0,0,1,2,0,1,0,0,0,0,0,0,0,18,5,1,1,1,8.91796875
7,0,0,1,2,0,1,0,0,0,0,0,0,0,24,8,1,1,1,13.478515625
1,0,0,0,1,0,1,0,0,0,0,0,0,0,8,2,1,1,1,13.05859375
2,0,0,0,0,0,0,0,0,0,0,0,0,0,51,8,2,2,2,41.9931640625
1,0,0,0,1,0,1,0,0,0,0,0,0,0,8,2,1,1,1,12.7138671875
1,0,0,1,1,0,1,0,0,0,0,0,0,0,6,3,1,1,1,2000.0
1,0,0,0,0,0,0,0,0,0,0,0,0,0,14,4,2,2,2,133.61328125
1,0,0,1,2,0,0,0,0,0,0,0,0,0,7,1,0,1,1,3.8662109375
1,0,0,0,0,0,0,0,0,0,0,0,0,0,39,12,1,1,1,96.9990234375
1,0,0,2,3,0,1,1,0,0,0,0,0,0,15,2,1,1,1,9.900390625
1,0,0,3,4,0,0,0,0,0,0,0,0,0,14,6,1,1,1,16.1845703125
1,0,1,0,0,0,0,0,0,0,0,0,0,0,12,4,2,2,2,67.310546875
12,1,0,4,5,0,0,1,0,1,0,9,1,0,91,31,1,1,2,603.1396484375
2,0,0,1,1,1,0,1,0,0,0,0,1,0,17,4,1,1,1,7.9306640625
1,0,0,1,2,0,1,0,0,0,0,0,0,0,9,1,1,1,1,27.3544921875
1,0,0,0,1,0,1,0,0,0,0,0,0,0,8,2,1,1,1,12.2412109375
5,0,0,1,2,0,1,0,0,0,0,0,0,0,97,28,2,2,2,1562.751953125
2,0,0,1,2,0,1,0,0,0,0,0,0,0,11,2,0,1,0,8.77734375
0,0,0,1,2,0,0,0,0,0,0,0,0,0,9,2,0,1,1,57.96484375
7,0,0,1,2,0,1,0,0,0,0,0,0,0,21,7,1,1,1,31.2373046875
3,0,0,2,0,1,2,0,0,0,0,0,0,0,22,6,1,1,0,13.2666015625
3,0,0,0,0,1,0,1,0,0,1,0,0,0,86,21,1,1,1,76.4052734375
21,0,0,1,2,0,1,0,0,0,0,0,0,0,54,22,1,1,1,54.8564453125
1,0,0,0,0,0,0,0,0,0,0,0,0,0,74,9,0,0,1,186.015625
1,0,0,2,3,0,1,1,0,0,0,0,0,0,15,2,1,1,1,9.8681640625
1,0,0,0,1,0,1,0,0,0,0,0,0,0,8,2,1,1,1,12.263671875
1,0,0,1,1,0,1,0,0,0,0,0,0,0,7,2,1,1,1,4.9951171875
5,0,0,1,2,0,1,0,0,0,0,0,0,0,20,1,1,1,1,13.6884765625
1,0,0,0,0,0,0,0,0,0,0,0,0,0,16,5,1,1,1,232.013671875
1,0,0,1,2,0,0,1,0,0,0,0,0,0,15,2,1,1,1,5.12109375
1,0,0,3,4,0,0,0,0,0,0,0,0,0,11,3,0,1,0,2.6025390625
1,0,0,0,0,0,0,0,0,0,0,0,0,0,47,8,1,1,1,484.5205078125
1,0,0,1,1,0,1,0,0,0,0,0,0,0,4,1,1,1,1,7.5029296875
1,0,0,1,1,0,1,0,0,0,0,0,0,0,4,1,0,1,0,3.0185546875
1,0,0,0,1,0,1,0,0,0,0,0,0,0,8,2,1,1,1,12.6318359375
1,0,0,1,1,0,0,0,0,0,0,0,0,0,7,1,0,0,0,8.0
1,0,0,1,1,0,1,0,0,0,0,0,0,0,9,5,1,1,1,7.3232421875
3,0,0,0,0,0,1,0,0,0,0,0,0,0,31,12,1,1,1,299.21875
2,0,0,0,0,0,0,0,0,0,0,0,0,0,51,8,2,2,2,38.845703125
1,0,0,0,0,0,2,0,0,0,0,0,0,0,26,4,6,6,6,39.10546875
7,0,0,1,2,0,1,0,0,0,0,0,0,0,24,8,1,1,1,16.640625
1,0,0,2,3,0,0,0,0,0,0,0,0,0,9,2,0,1,0,1.46875
1,0,0,1,2,0,0,0,0,0,0,0,0,0,7,1,0,1,1,3.8525390625
12,1,0,4,5,0,0,1,0,1,0,9,1,0,90,31,1,1,2,603.1396484375
1,0,0,3,4,0,0,0,0,0,0,0,0,0,12,5,1,1,1,36.1376953125
1,0,0,0,0,0,0,0,0,0,0,0,0,0,101,5,0,0,1,170.80859375
0,0,0,1,2,0,0,0,0,0,0,0,0,0,9,2,0,1,1,14.8994140625
0,0,2,0,0,0,0,0,0,0,0,0,0,0,39,24,0,0,1,591.5419921875
1,0,0,0,1,0,1,0,0,0,0,0,0,0,10,3,1,1,1,40.17578125
1,0,0,1,2,0,0,0,0,0,0,0,0,0,9,3,1,1,1,3.498046875
1,0,0,0,1,0,1,0,0,0,0,0,0,0,10,3,1,1,1,40.337890625
1,0,0,1,2,0,0,0,0,0,0,0,0,0,7,1,0,1,1,5.2138671875
2,0,5,1,1,1,0,0,0,0,0,0,0,0,21,16,0,0,3,852.5693359375
3,0,0,2,0,1,2,0,0,0,0,0,0,0,22,6,1,1,0,13.2666015625
0,0,2,0,0,0,0,1,0,0,0,1,1,0,25,15,0,0,1,52.580078125
0,0,0,0,0,0,0,0,0,0,0,0,0,0,1,1,0,0,0,1.0
1,0,0,0,1,0,1,0,0,0,0,0,0,0,8,2,1,1,1,12.5205078125
0,0,0,1,2,0,0,0,0,0,0,0,0,0,9,2,0,1,1,15.0078125
0,0,0,1,2,0,0,0,0,0,0,0,0,0,3,0,1,1,1,25.1767578125
1,0,0,1,1,0,1,0,0,0,0,0,0,0,7,2,1,1,1,4.9443359375
0,0,0,1,2,0,0,0,0,0,0,0,0,0,9,2,0,1,1,14.9326171875
2,0,0,2,3,0,1,1,0,0,0,0,0,0,18,3,1,1,1,6.701171875
3,0,0,0,0,0,1,0,0,0,0,0,0,0,69,4,1,1,1,33.81640625
1,0,0,0,0,0,0,0,0,0,0,0,0,0,25,5,0,0,1,81.1708984375
2,0,0,0,0,0,1,0,0,0,0,0,0,0,22,8,1,1,1,242.9345703125
1,0,0,1,1,0,1,0,0,0,0,0,0,0,8,2,1,1,1,303.080078125
0,0,2,0,0,0,0,0,0,0,0,0,0,0,39,24,0,0,1,553.205078125
0,0,2,0,0,0,0,0,0,0,0,0,0,0,39,24,0,0,1,553.482421875
1,0,0,0,0,0,0,1,0,0,0,1,1,0,10,2,1,1,1,18.580078125
1,0,0,3,4,0,0,0,0,0,0,0,0,0,14,6,1,1,1,4.3935546875
1,0,0,0,0,0,0,0,0,0,0,0,0,0,19,6,1,1,1,44.3251953125
0,0,0,1,2,0,0,0,0,0,0,0,0,0,9,2,0,1,1,14.8994140625
1,0,0,0,1,0,1,0,0,0,0,0,0,0,8,2,1,1,1,12.5400390625
1,0,0,1,1,0,1,0,0,0,0,0,0,0,6,3,1,1,1,8.224609375
1,0,0,2,3,0,1,1,0,0,0,0,0,0,15,2,1,1,1,6.3916015625
1,0,0,3,4,0,0,0,0,0,0,0,0,0,14,6,1,1,1,4.3359375
1,0,0,1,2,0,0,0,0,0,0,0,0,0,9,3,1,1,1,5.2880859375
3,0,0,0,0,0,0,0,0,0,0,0,0,0,73,13,2,2,2,128.8759765625
1,0,0,0,0,0,1,0,0,0,0,0,0,0,20,7,1,1,1,239.0185546875
1,0,0,0,1,0,1,0,0,0,0,0,0,0,8,2,1,1,1,12.708984375
1,0,0,1,1,0,1,0,0,0,0,0,0,0,11,4,1,1,1,528.0
5,0,0,1,2,0,1,0,0,0,0,0,0,0,19,6,1,1,1,12.7099609375
1,0,0,2,3,0,0,0,0,0,0,0,0,0,9,2,0,1,0,1.46875
1,0,0,0,1,0,1,0,0,0,0,0,0,0,8,2,1,1,1,12.4521484375
2,0,0,0,0,0,0,0,0,0,0,0,0,0,60,12,2,2,2,58.1640625
0,0,0,1,2,0,0,0,0,0,0,0,0,0,10,2,1,1,1,5.015625
0,0,0,1,2,0,0,0,0,0,0,0,0,0,9,2,0,1,1,15.0078125
1,0,0,2,3,0,1,1,0,0,0,0,0,0,15,2,1,1,1,9.990234375
7,0,0,1,2,0,1,0,0,0,0,0,0,0,21,7,1,1,1,31.2373046875
1,0,0,3,4,0,0,0,0,0,0,0,0,0,16,8,1,1,1,6.150390625
1,0,0,3,4,0,0,0,0,0,0,0,0,0,16,8,1,1,1,6.150390625
1,0,0,2,3,0,1,1,0,0,0,0,0,0,15,2,1,1,1,9.791015625
1,0,0,0,1,0,1,0,0,0,0,0,0,0,8,2,1,1,1,12.3125
1,0,0,0,0,0,1,0,0,0,0,0,0,0,12,3,1,1,1,34.7080078125
1,0,0,0,1,0,1,0,0,0,0,0,0,0,8,2,1,1,1,12.8681640625
1,0,0,0,1,0,1,0,0,0,0,0,0,0,8,2,1,1,1,12.0400390625
1,0,0,1,1,0,1,0,0,0,0,0,0,0,11,4,1,1,1,44.3515625
1,0,0,1,2,0,0,0,0,0,0,0,0,0,9,2,0,1,0,1.9541015625
1,0,0,1,2,0,1,0,0,0,0,0,0,0,16,1,1,1,1,37.3720703125
6,0,0,1,2,0,1,0,0,0,0,0,0,0,22,7,1,1,1,14.59375
1,0,0,0,1,0,1,0,0,0,0,0,0,0,8,2,1,1,1,12.392578125
1,0,0,1,2,0,0,1,0,0,0,0,0,0,15,2,1,1,1,10.51953125
1,0,0,1,1,0,1,0,0,0,0,0,0,0,7,2,1,1,1,57.0693359375
1,0,1,0,0,0,0,0,0,0,0,0,0,0,17,6,2,2,2,231.912109375
1,0,0,0,1,0,1,0,0,0,0,0,0,0,10,3,1,1,1,40.3623046875
1,0,0,1,1,0,1,0,0,0,0,0,0,0,6,3,1,1,1,2000.0
0,0,0,1,2,0,0,0,0,0,0,0,0,0,9,2,0,1,1,58.005859375
1,0,0,1,2,0,0,0,0,0,0,0,0,0,9,2,0,1,0,1.955078125
0,0,0,2,3,0,0,0,0,0,0,0,0,0,12,3,1,1,1,17.796875
6,0,0,1,2,0,1,0,0,0,0,0,0,0,22,7,1,1,1,15.1630859375
1,0,0,0,0,0,0,0,0,0,0,0,0,0,21,5,2,2,2,67.1650390625
1,0,0,0,1,0,1,0,0,0,0,0,0,0,8,2,1,1,1,12.6650390625
1,0,0,0,1,0,1,0,0,0,0,0,0,0,8,2,1,1,1,12.7060546875
0,0,0,1,2,0,0,0,0,0,0,0,0,0,9,2,0,1,1,15.044921875
1,0,0,1,2,0,0,0,0,0,0,0,0,0,9,3,1,1,1,5.69921875
2,0,0,0,0,0,0,0,0,0,0,0,0,0,51,8,2,2,2,40.421875
1,0,0,3,4,0,0,0,0,0,0,0,0,0,14,6,1,1,1,16.1845703125
0,0,0,2,3,0,0,0,0,0,0,0,0,0,12,3,1,1,1,17.046875
3,0,0,1,1,0,1,0,0,0,0,0,0,0,9,2,0,0,0,3.7744140625
9,0,0,1,2,0,1,0,0,0,0,0,0,0,28,10,1,1,1,14.3974609375
7,0,0,1,2,0,1,0,0,0,0,0,0,0,24,8,1,1,1,13.705078125
2,0,0,0,0,0,1,0,0,0,0,0,0,0,22,8,1,1,1,241.37890625
1,0,0,0,0,0,1,0,0,0,0,0,0,0,20,7,1,1,1,238.078125
11,1,0,4,5,0,0,1,0,1,0,9,1,0,89,31,1,1,2,603.19921875
1,0,0,1,2,0,0,0,0,0,0,0,0,0,9,2,0,1,0,1.8486328125
1,0,0,0,0,0,0,0,0,0,0,0,0,0,18,5,0,0,1,16.74609375
2,0,0,0,0,0,0,0,0,0,0,0,0,0,59,8,2,2,2,43.04296875
1,0,0,2,3,0,1,1,0,0,0,0,0,0,15,2,1,1,1,6.416015625
1,0,0,5,6,0,0,0,0,0,0,0,0,0,21,11,1,1,1,7.376953125
1,0,0,0,0,1,0,0,0,0,0,0,0,0,5,1,1,1,0,3.8505859375
1,0,0,1,2,0,0,0,0,0,0,0,0,0,9,2,0,1,0,1.95703125
1,0,0,1,1,0,1,0,0,0,0,0,0,0,8,2,0,0,0,1.251953125
1,0,0,1,2,0,0,0,0,0,0,0,0,0,9,3,1,1,1,3.904296875
1,0,0,1,1,0,1,0,0,0,0,0,0,0,6,3,1,1,1,8.203125
0,0,0,1,2,0,0,0,0,0,0,0,0,0,9,2,0,1,1,15.056640625
1,0,0,0,1,0,1,0,0,0,0,0,0,0,8,2,1,1,1,12.62890625
1,0,0,5,6,0,0,0,0,0,0,0,0,0,19,9,1,1,1,4.8017578125
1,0,0,1,1,0,1,0,0,0,0,0,0,0,9,5,1,1,1,9.7861328125
1,0,0,0,0,0,1,0,0,0,0,0,0,0,32,11,2,2,2,155.0283203125
0,0,0,1,1,0,1,0,0,0,0,0,0,0,2,1,1,1,1,2.0869140625
1,0,0,2,3,0,1,1,0,0,0,0,0,0,14,2,1,1,1,14.3798828125
0,0,0,1,2,0,0,0,0,0,0,0,0,0,9,2,0,1,1,15.1611328125
1,0,3,0,0,0,0,0,0,0,0,0,0,0,26,23,0,0,2,90.3955078125
1,0,0,1,2,0,1,0,0,0,0,0,0,0,9,1,1,1,1,33.6953125
1,0,0,0,0,0,1,0,0,0,0,0,0,0,12,3,1,1,1,34.677734375
1,0,0,0,0,0,0,0,0,0,0,0,0,0,84,6,0,0,1,247.712890625
1,0,0,1,1,0,1,0,0,0,0,0,0,0,4,1,1,1,1,6.2080078125
1,0,0,5,6,0,0,0,0,0,0,0,0,0,21,11,1,1,1,7.380859375
0,0,0,1,2,0,0,0,0,0,0,0,0,0,9,2,0,1,1,15.0009765625
1,0,1,0,0,0,0,0,0,0,0,0,0,0,17,6,2,2,2,232.6025390625
3,0,0,0,0,0,0,0,0,0,0,0,0,0,61,11,2,2,2,88.28515625
1,0,0,4,5,0,0,1,0,0,0,0,0,0,37,9,1,1,1,97.990234375
1,0,0,1,1,0,1,0,0,0,0,0,0,0,4,1,1,1,1,5.9736328125
5,0,0,1,2,0,1,0,0,0,0,0,0,0,20,6,1,1,1,12.1982421875
1,0,0,2,3,0,0,0,0,0,0,0,0,0,12,5,1,1,1,5.9619140625
1,0,0,0,1,0,1,0,0,0,0,0,0,0,8,2,1,1,1,12.5146484375
1,0,0,0,1,0,1,0,0,0,0,0,0,0,8,2,1,1,1,12.72265625
1,0,0,2,3,0,1,1,0,0,0,0,0,0,15,2,1,1,1,9.92578125
22,0,0,1,1,0,1,0,0,0,0,0,0,0,26,1,1,1,1,10.1572265625
3,0,0,0,0,0,1,0,0,0,0,0,0,0,31,12,1,1,1,299.21875
1,0,0,2,3,0,1,0,0,0,0,0,0,0,7,1,1,1,1,6.119140625
5,0,0,1,1,0,1,0,0,0,0,0,0,0,25,4,1,1,1,11.5341796875
0,0,0,1,2,0,0,0,0,0,0,0,0,0,9,2,0,1,1,15.0625
12,1,0,4,5,0,0,1,0,1,0,9,1,0,89,31,1,1,2,491.2109375
68,0,0,2,1,0,0,1,0,0,0,0,0,0,351,126,1,1,1,621.75390625
1,0,0,0,1,0,1,0,0,0,0,0,0,0,8,2,1,1,1,12.3037109375
1,0,0,3,4,0,0,0,0,0,0,0,0,0,14,6,1,1,1,16.16796875
1,0,0,2,3,0,1,1,0,0,0,0,0,0,15,2,1,1,1,9.9248046875
1,0,0,1,2,0,0,1,0,0,0,0,0,0,15,2,1,1,1,10.6142578125
1,0,0,2,3,0,1,1,0,0,0,0,0,0,15,2,1,1,1,9.8583984375
1,0,0,0,0,0,1,0,0,0,0,0,0,0,20,7,1,1,1,238.078125
1,0,0,2,3,0,1,1,0,0,0,0,0,0,15,2,1,1,1,9.87109375
1,0,0,1,2,0,0,0,0,0,0,0,0,0,7,1,0,1,0,5.0791015625
1,0,0,2,3,0,1,1,0,0,0,0,0,0,15,2,1,1,1,9.990234375
1,0,0,1,2,0,0,0,0,0,0,0,0,0,7,1,0,1,1,3.8818359375
3,0,0,0,0,0,1,0,0,0,0,0,0,0,31,12,1,1,1,299.21875
1,0,0,1,2,0,0,0,0,0,0,0,0,0,7,1,0,1,1,3.8525390625
5,0,0,1,2,0,1,0,0,0,0,0,0,0,20,6,1,1,1,10.3994140625
1,0,0,0,0,0,0,0,0,0,0,0,0,0,89,20,9,9,9,452.9345703125
1,0,0,1,1,0,1,0,0,0,0,0,0,0,7,2,1,1,1,8.3310546875
1,0,0,3,4,0,0,0,0,0,0,0,0,0,12,5,1,1,1,31.6494140625
1,0,0,0,1,0,1,0,0,0,0,0,0,0,8,2,1,1,1,12.55078125
1,0,1,0,0,0,0,0,0,0,0,0,0,0,17,6,2,2,2,173.578125
1,0,0,2,3,0,1,1,0,0,0,0,0,0,15,2,1,1,1,9.849609375
1,0,0,0,0,0,1,0,0,0,0,0,0,0,20,7,1,1,1,238.078125
2,0,0,1,1,0,1,0,0,0,0,1,0,0,12,2,0,0,0,1.3623046875
0,0,2,0,0,0,0,0,0,0,0,0,0,0,39,24,0,0,1,590.7216796875
1,0,0,0,1,0,1,0,0,0,0,0,0,0,8,2,1,1,1,12.4013671875
1,0,0,3,4,0,0,0,0,0,0,0,0,0,14,6,1,1,1,4.3369140625
1,0,0,2,3,0,1,1,0,0,0,0,0,0,15,2,1,1,1,9.791015625
1,0,0,1,2,0,0,0,0,0,0,0,0,0,9,3,1,1,1,5.9775390625
1,0,0,1,2,0,0,0,0,0,0,0,0,0,9,2,0,1,0,2.611328125
1,0,0,1,1,0,1,0,0,0,0,0,0,0,8,2,1,1,1,56.2275390625
1,0,0,1,2,0,0,0,0,0,0,0,0,0,7,1,0,1,1,3.8701171875
1,0,0,1,2,0,1,0,0,0,0,0,0,0,9,1,1,1,1,8.2080078125
1,0,0,1,2,0,0,0,0,0,0,0,0,0,9,3,1,1,1,5.7421875
1,0,0,0,1,0,1,0,0,0,0,0,0,0,8,2,1,1,1,12.4521484375
1,0,0,1,1,0,1,0,0,0,0,0,0,0,4,1,1,1,1,7.9306640625
22,0,0,1,1,0,1,0,0,0,0,0,0,0,26,1,1,1,1,10.287109375
1,0,0,1,1,0,1,0,0,0,0,0,0,0,4,1,1,1,1,7.8076171875
2,0,0,0,0,0,0,0,0,0,0,0,0,0,63,10,2,2,2,52.375
0,0,0,2,3,0,0,0,0,0,0,0,0,0,12,3,1,1,1,18.6796875
2,0,0,1,1,0,1,0,0,0,0,1,0,0,13,2,1,1,1,5.9013671875
4,0,0,1,2,0,1,0,0,0,0,0,0,0,18,5,1,1,1,11.3310546875
0,0,2,0,0,0,0,0,0,0,0,0,0,0,39,24,0,0,1,590.6298828125
4,0,0,0,0,0,1,0,0,0,0,0,0,0,74,5,1,1,1,35.0498046875
14,0,0,1,2,0,1,0,0,0,0,0,0,0,40,15,1,1,1,44.224609375
0,0,0,0,0,0,0,0,0,0,0,0,0,0,7,1,1,1,1,3.4765625
4,0,0,0,0,0,1,0,0,0,0,0,0,0,72,5,1,1,1,34.9375
1,0,0,1,2,0,0,1,0,0,0,0,0,0,15,2,1,1,1,13.4423828125
1,0,0,0,0,0,0,0,0,0,0,0,0,0,85,5,0,0,1,168.7041015625
1,0,0,1,2,0,0,0,0,0,0,0,0,0,9,3,1,1,1,4.65234375
2,0,0,0,0,0,1,0,0,0,0,0,0,0,33,2,1,1,1,15.76953125
1,0,0,2,3,0,1,1,0,0,0,0,0,0,15,2,1,1,1,7.0908203125
1,0,0,1,2,0,0,0,0,0,0,0,0,0,9,3,1,1,1,3.5244140625
1,0,0,1,1,0,1,0,0,0,0,0,0,0,7,1,1,1,1,1.203125
1,0,0,0,1,0,1,0,0,0,0,0,0,0,10,3,1,1,1,40.3623046875
0,0,0,0,0,0,0,0,0,0,0,0,0,0,1,1,0,0,0,2.6240234375
1,0,0,0,1,0,1,0,0,0,0,0,0,0,8,2,1,1,1,12.533203125
1,0,1,0,0,0,0,0,0,0,0,0,0,0,19,6,2,2,2,61.212890625
0,0,2,1,1,1,0,1,0,0,0,1,1,0,25,15,0,0,1,53.3720703125
1,0,0,1,2,0,0,1,0,0,0,0,0,0,15,2,1,1,1,5.12109375
2,0,0,1,2,0,1,0,0,0,0,0,0,0,13,3,1,1,1,4.69921875
4,0,0,0,0,0,1,0,0,0,0,0,0,0,74,5,1,1,1,35.7412109375
1,0,0,1,2,0,1,0,0,0,0,0,0,0,9,1,1,1,1,7.8232421875
0,0,2,0,0,0,0,0,0,0,0,0,0,0,39,24,0,0,1,553.2412109375
1,0,0,1,1,0,1,0,0,0,0,0,0,0,4,1,0,1,0,6.5283203125
3,0,0,0,0,0,1,0,0,0,0,0,0,0,70,4,1,1,1,33.03125
1,0,0,0,0,0,0,0,0,0,0,0,0,0,26,6,1,1,1,67.7890625
1,0,0,3,4,0,0,1,0,0,0,0,0,0,71,56,1,1,1,79.2353515625
3,0,0,0,0,0,1,0,0,0,0,0,0,0,67,4,1,1,1,32.3359375
1,0,0,0,0,0,0,0,0,0,0,0,0,0,7,1,1,1,1,0.9677734375
1,0,0,1,1,0,1,0,0,0,0,0,0,0,6,2,1,1,1,14.0224609375
1,0,0,0,0,0,1,0,0,0,0,0,0,0,20,7,1,1,1,238.078125
1,0,0,0,1,0,1,0,0,0,0,0,0,0,8,2,1,1,1,12.8681640625
1,0,0,0,1,0,1,0,0,0,0,0,0,0,8,2,1,1,1,12.8134765625
0,0,0,0,0,0,0,0,0,0,0,0,0,0,1,1,0,0,0,1.0
1,0,4,0,0,0,0,0,0,0,0,0,0,0,14,11,0,0,2,7.9130859375
4,0,0,0,0,0,1,0,0,0,0,0,0,0,68,5,1,1,1,32.3759765625
1,0,0,0,0,0,0,0,0,0,0,0,0,0,82,14,0,0,1,321.8037109375
1,0,0,2,1,0,0,0,0,0,0,0,0,0,9,2,0,1,0,22.23828125
2,0,0,0,0,0,1,0,0,0,0,0,0,0,22,8,1,1,1,242.9345703125
1,0,0,2,3,0,1,1,0,0,0,0,0,0,14,2,1,1,1,5.6220703125
1,0,1,0,0,0,0,0,0,0,0,0,0,0,15,12,0,0,1,48.2099609375
3,0,0,0,0,0,1,0,0,0,0,0,0,0,31,12,1,1,1,299.21875
1,0,0,0,1,0,1,0,0,0,0,0,0,0,10,3,1,1,1,41.298828125
0,0,0,0,0,0,0,0,0,0,0,0,0,0,7,1,1,1,1,3.4990234375
1,0,0,1,2,0,0,0,0,0,0,0,0,0,9,2,0,1,0,2.611328125
1,0,0,0,0,0,1,0,0,0,1,0,0,0,8,1,1,1,1,1.138671875
5,0,0,1,2,0,1,0,0,0,0,0,0,0,20,6,1,1,1,10.1884765625
1,0,0,1,2,0,0,0,0,0,0,0,0,0,9,2,0,1,0,1.849609375
2,0,0,0,0,0,1,0,0,0,0,0,0,0,22,8,1,1,1,237.9853515625
1,0,0,1,2,0,0,0,0,0,0,0,0,0,8,2,1,1,1,7.1416015625
1,0,1,0,0,0,0,0,0,0,0,0,0,0,17,6,2,2,2,232.5888671875
0,0,0,1,2,0,0,0,0,0,0,0,0,0,9,2,0,1,1,63.12890625
1,0,0,1,2,0,1,0,0,0,0,0,0,0,16,1,1,1,1,37.185546875
0,0,0,2,3,0,0,0,0,0,0,0,0,0,12,3,1,1,1,18.919921875
1,0,0,0,0,0,0,0,0,0,0,0,0,0,52,21,0,0,1,164.9990234375
1,0,0,0,1,0,1,0,0,0,0,0,0,0,8,2,1,1,1,12.974609375
13,1,0,0,0,0,0,0,0,0,0,1,0,0,123,28,0,0,1,102.9482421875
9,0,2,13,13,4,0,0,0,0,0,0,0,0,79,29,10,10,6,68.2275390625
2,0,0,0,0,0,1,0,0,0,0,0,0,0,22,8,1,1,1,242.9345703125
1,0,1,0,0,0,0,0,0,0,0,0,0,0,31,10,2,2,2,46.328125
5,0,0,1,2,0,1,0,0,0,0,0,0,0,20,1,1,1,1,13.6884765625
1,0,0,2,3,0,1,1,0,0,0,0,0,0,15,2,1,1,1,9.947265625
3,0,0,0,0,0,0,0,0,0,0,0,0,0,65,9,2,2,2,54.2509765625
2,0,0,2,3,0,1,1,0,0,0,0,0,0,18,3,1,1,1,6.7255859375
1,0,0,5,6,0,0,0,0,0,0,0,0,0,19,9,1,1,1,4.5673828125
1,0,0,0,1,0,1,0,0,0,0,0,0,0,10,3,1,1,1,40.0703125
5,0,0,1,2,0,1,0,0,0,0,0,0,0,19,7,1,1,1,9.4619140625
1,0,0,1,2,0,0,0,0,0,0,0,0,0,7,1,0,1,1,5.171875
1,0,0,1,2,0,0,1,0,0,0,0,0,0,15,2,1,1,1,10.99609375
1,0,0,1,2,0,0,0,0,0,0,0,0,0,9,2,0,1,0,1.9443359375
1,0,0,0,1,0,1,0,0,0,0,0,0,0,8,2,1,1,1,13.298828125
0,0,0,1,2,0,0,0,0,0,0,0,0,0,9,2,0,1,1,15.017578125
1,0,0,1,1,0,0,0,0,0,0,0,0,0,7,1,0,0,0,8.0
1,0,1,0,0,0,0,0,0,0,0,0,0,0,16,6,2,2,2,114.642578125
7,0,0,1,2,0,1,0,0,0,0,0,0,0,24,8,1,1,1,13.626953125
1,0,0,1,2,0,0,0,0,0,0,0,0,0,9,3,1,1,1,5.69921875
1,0,0,1,2,0,1,0,0,0,0,0,0,0,16,1,1,1,1,37.3466796875
6,0,0,1,2,0,1,0,0,0,0,0,0,0,22,7,1,1,1,12.150390625
1,0,0,0,0,0,1,0,0,0,0,0,0,0,41,4,0,0,1,37.548828125
1,0,0,0,1,0,1,0,0,0,0,0,0,0,8,2,1,1,1,12.4423828125
1,0,0,1,1,0,1,0,0,0,0,0,0,0,8,2,1,1,1,129.888671875
1,0,0,1,1,0,1,0,0,0,0,0,0,0,4,1,1,1,1,5.4599609375
1,0,0,1,2,0,1,0,0,0,0,0,0,0,9,1,1,1,1,8.337890625
1,0,0,0,0,0,0,0,0,0,0,0,0,0,21,10,1,1,1,52.814453125
1,0,0,0,0,0,1,0,0,0,0,0,0,0,20,7,1,1,1,238.078125
0,0,0,1,2,0,0,0,0,0,0,0,0,0,9,2,0,1,1,57.9423828125
1,0,0,1,2,0,1,0,0,0,0,0,0,0,9,1,1,1,1,33.6953125
1,0,0,0,0,0,0,0,0,0,0,0,0,0,6,1,1,1,1,6.0185546875
1,0,0,0,0,0,0,0,0,0,0,0,0,0,12,1,1,1,1,3.48828125
1,0,0,0,1,0,1,0,0,0,0,0,0,0,8,2,1,1,1,12.7900390625
1,0,0,0,0,0,0,0,0,0,0,0,0,0,32,9,1,1,1,50.771484375
1,0,0,0,0,0,2,0,0,0,0,0,0,0,26,4,6,6,6,39.130859375
1,0,0,1,2,0,1,0,0,0,0,0,0,0,9,1,1,1,1,8.169921875
0,0,0,1,0,0,0,0,0,0,0,0,0,0,6,1,1,1,1,1.11328125
1,0,0,2,3,0,0,1,0,0,0,0,0,0,74,60,1,1,1,78.4013671875
0,0,0,2,3,0,0,0,0,0,0,0,0,0,12,3,1,1,1,17.3984375
1,0,0,1,1,0,1,0,0,0,0,0,0,0,9,5,1,1,1,7.4912109375
1,0,0,0,1,0,1,0,0,0,0,0,0,0,8,2,1,1,1,12.46875
0,0,0,0,0,0,0,0,0,0,0,0,0,0,6,1,1,1,1,10.546875
1,0,0,0,0,0,1,0,0,0,0,0,0,0,20,7,1,1,1,238.078125
67,0,0,3,1,0,0,1,0,0,0,0,0,0,317,113,1,1,1,636.3076171875
0,0,0,1,1,0,1,0,0,0,0,0,0,0,2,1,1,1,1,2.107421875
1,0,0,1,2,0,0,0,0,0,0,0,0,0,8,2,1,1,1,7.2490234375
0,0,0,1,2,0,0,0,0,0,0,0,0,0,9,2,0,1,1,71.92578125
1,0,0,1,1,0,1,0,0,0,0,0,0,0,4,1,1,1,1,5.4599609375
1,0,0,0,0,0,0,1,0,0,0,1,1,0,14,4,1,1,0,61.0576171875
1,0,0,3,4,0,0,0,0,0,0,0,0,0,14,6,1,1,1,4.255859375
1,0,0,0,1,0,1,0,0,0,0,0,0,0,8,2,1,1,1,12.59765625
1,0,0,0,0,0,0,0,0,0,0,0,0,0,29,8,1,1,1,50.1474609375
1,0,0,3,4,0,0,0,0,0,0,0,0,0,14,6,1,1,1,4.255859375
1,0,0,0,0,0,0,0,0,0,0,0,0,0,13,4,0,0,0,32.447265625
1,0,1,0,0,0,0,1,0,0,0,0,0,0,15,13,0,0,1,186.7216796875
1,0,0,0,1,0,1,0,0,0,0,0,0,0,10,3,1,1,1,40.50390625
1,0,0,1,1,0,1,0,0,0,0,0,0,0,9,5,1,1,1,9.7861328125
1,0,1,0,0,0,0,1,0,0,0,0,0,0,17,15,0,0,1,97.796875
1,0,0,2,3,0,1,1,0,0,0,0,0,0,15,2,1,1,1,9.849609375
1,0,0,0,0,0,1,0,0,0,0,0,0,0,20,7,1,1,1,239.0185546875
1,0,0,1,1,0,1,0,0,0,0,0,0,0,4,1,1,1,1,7.8583984375
1,0,0,0,1,0,1,0,0,0,0,0,0,0,10,3,1,1,1,40.337890625
1,0,1,0,0,0,0,1,0,0,0,0,0,0,63,60,0,0,1,60.7236328125
0,0,0,1,0,0,0,0,0,0,0,0,0,0,6,1,1,1,1,1.11328125
1,0,0,0,1,0,1,0,0,0,0,0,0,0,8,2,1,1,1,12.6611328125
1,0,0,1,1,0,1,0,0,0,0,0,0,0,7,2,1,1,1,60.0634765625
1,0,0,2,3,0,0,0,0,0,0,0,0,0,12,5,1,1,1,5.9638671875
1,0,0,1,1,0,1,0,0,0,0,0,0,0,4,1,1,1,1,3.5556640625
1,0,0,2,3,0,0,0,0,0,0,0,0,0,12,5,1,1,1,5.9609375
1,0,0,1,2,0,0,0,0,0,0,0,0,0,7,1,0,1,1,3.8349609375
25,0,1,1,1,1,1,0,0,0,1,0,0,0,169,70,3,3,3,1157.02734375
1,0,1,0,0,0,0,1,0,0,0,0,0,0,12,10,0,0,1,31.2861328125
1,0,0,1,1,0,1,0,0,0,0,0,0,0,6,3,1,1,1,3.72265625
1,0,0,0,0,0,0,0,0,0,0,0,0,0,23,6,0,0,1,122.544921875
1,0,0,0,1,0,1,0,0,0,0,0,0,0,8,2,1,1,1,12.6865234375
1,0,0,1,2,0,0,1,0,0,0,0,0,0,15,2,1,1,1,10.4833984375
1,0,0,1,2,0,0,0,0,0,0,0,0,0,7,1,0,1,1,3.8349609375
3,0,0,0,0,0,0,0,0,0,0,0,0,0,65,9,2,2,2,47.05859375
1,0,0,2,3,0,1,1,0,0,0,0,0,0,15,2,1,1,1,9.849609375
1,0,0,2,3,0,1,1,0,0,0,0,0,0,15,2,1,1,1,9.92578125
2,0,0,0,0,0,0,0,0,0,0,0,0,0,49,8,2,2,2,42.888671875
1,0,4,0,0,0,0,0,0,0,0,0,0,0,14,11,0,0,2,7.421875
0,0,0,1,0,0,0,0,0,0,0,0,0,0,15,5,1,1,1,1939.4013671875
38,0,0,1,1,1,1,0,0,0,1,0,0,0,354,116,2,2,2,3383.650390625
1,0,0,1,2,0,0,0,0,0,0,0,0,0,9,2,0,1,0,1.923828125
3,0,0,0,0,0,0,0,0,0,0,0,0,0,61,11,2,2,2,41.4765625
1,0,0,1,1,0,1,0,0,0,0,0,0,0,9,5,1,1,1,7.4326171875
14,0,0,1,2,0,1,0,0,0,0,0,0,0,40,15,1,1,1,44.224609375
1,0,0,2,3,0,1,1,0,0,0,0,0,0,15,2,1,1,1,9.8193359375
1,0,0,2,3,0,1,1,0,0,0,0,0,0,15,2,1,1,1,10.013671875
1,0,0,1,2,0,0,0,0,0,0,0,0,0,7,1,0,1,1,3.8583984375
1,0,0,0,0,0,0,0,0,0,0,0,0,0,43,6,0,0,1,76.4521484375
1,0,3,0,0,0,0,0,0,0,0,0,0,0,15,12,0,0,2,71.60546875
1,0,0,2,3,0,1,1,0,0,0,0,0,0,14,2,1,1,1,5.6220703125
1,0,0,0,0,0,1,0,0,0,0,0,0,0,12,3,1,1,1,34.70703125
1,0,0,2,3,0,1,0,0,0,0,1,0,0,13,4,1,1,1,17.92578125
5,0,0,1,2,0,1,0,0,0,0,0,0,0,20,6,1,1,1,12.1982421875
1,0,0,2,3,0,0,0,0,0,0,0,0,0,12,5,1,1,1,5.9609375
1,0,0,2,1,0,0,0,0,0,0,0,0,0,9,3,1,1,1,6.92578125
0,0,0,1,2,0,0,0,0,0,0,0,0,0,9,2,0,1,1,58.078125
1,0,0,1,1,0,1,0,0,0,0,0,0,0,6,3,1,1,1,3.693359375
1,0,0,1,1,0,1,0,0,0,0,0,0,0,7,2,1,1,1,4.9404296875
7,0,0,1,2,0,1,0,0,0,0,0,0,0,21,7,1,1,1,30.6376953125
1,0,0,3,4,0,0,0,0,0,0,0,0,0,14,6,1,1,1,4.3369140625
1,0,0,1,2,0,1,0,0,0,0,0,0,0,16,1,1,1,1,37.3720703125
1,0,0,0,0,0,0,0,0,0,0,0,0,0,22,6,1,1,1,55.5595703125
5,0,0,1,2,0,1,0,0,0,0,0,0,0,19,7,1,1,1,9.4619140625
0,0,0,1,2,0,0,0,0,0,0,0,0,0,9,2,0,1,1,15.1376953125
1,0,0,1,1,0,1,0,0,0,0,0,0,0,6,3,1,1,1,3.69140625
1,0,0,2,3,0,1,1,0,0,0,0,0,0,15,2,1,1,1,6.4228515625
1,0,0,0,1,0,1,0,0,0,0,0,0,0,8,2,1,1,1,12.6650390625
2,0,0,1,1,1,0,1,0,0,0,0,1,0,17,4,1,1,1,7.9462890625
0,0,0,1,2,0,0,0,0,0,0,0,0,0,9,2,0,1,1,14.9990234375
5,0,0,1,1,0,1,0,0,0,0,0,0,0,25,4,1,1,1,11.5341796875
3,0,0,0,0,0,1,0,0,0,0,0,0,0,70,4,1,1,1,32.9990234375
1,0,0,0,0,0,1,0,0,0,0,0,0,0,20,7,1,1,1,238.078125
1,0,0,2,3,0,0,1,0,0,0,0,0,0,74,60,1,1,1,78.4013671875
0,0,0,0,0,0,0,0,0,0,0,0,0,0,7,1,1,1,1,3.3857421875
1,0,0,1,1,0,1,0,0,0,0,0,0,0,6,3,1,1,1,3.765625
1,0,0,1,1,0,1,0,0,0,0,0,0,0,10,3,1,1,1,10.373046875
1,0,0,1,2,0,0,0,0,0,0,0,0,0,9,2,0,1,0,2.404296875
0,0,0,1,2,0,0,0,0,0,0,0,0,0,9,2,0,1,1,14.9482421875
12,1,0,4,5,0,0,1,0,1,0,9,1,0,89,31,1,1,2,522.0068359375
1,0,0,0,1,0,1,0,0,0,0,0,0,0,8,2,1,1,1,12.4609375
1,0,3,0,0,1,0,0,0,0,0,0,0,0,12,9,0,0,2,8.2275390625
6,0,0,2,3,0,1,0,0,0,0,0,0,0,27,9,1,1,1,31.5458984375
1,0,0,0,0,0,0,0,0,0,0,0,0,0,37,8,1,1,1,176.99609375
1,0,0,1,1,0,1,0,0,0,0,0,0,0,8,2,1,1,1,129.888671875
1,0,0,0,1,0,1,0,0,0,0,0,0,0,8,2,1,1,1,12.8017578125
1,0,0,5,6,0,0,1,0,0,0,0,0,0,72,55,1,1,1,134.806640625
0,0,2,0,0,0,0,0,0,0,0,0,0,0,39,24,0,0,1,553.5380859375
1,0,0,2,3,0,1,0,0,0,0,0,0,0,7,1,1,1,1,5.5302734375
12,1,0,4,5,0,0,1,0,1,0,9,1,0,89,31,1,1,2,735.4580078125
2,0,0,1,2,0,1,0,0,0,0,0,0,0,13,3,1,1,1,4.7724609375
6,0,0,1,2,0,1,0,0,0,0,0,0,0,22,7,1,1,1,12.150390625
6,0,0,1,1,0,1,0,0,0,0,0,0,0,15,2,1,1,1,9.78515625
1,0,0,1,1,0,1,0,0,0,0,0,0,0,4,1,1,1,1,3.5654296875
1,0,0,0,0,0,0,0,0,0,0,0,0,0,96,10,1,1,1,530.8876953125
1,0,0,0,0,0,0,0,0,0,0,0,0,0,33,9,1,1,1,252.5517578125
1,0,0,2,3,0,1,1,0,0,0,0,0,0,15,2,1,1,1,9.857421875
1,0,0,0,1,0,1,0,0,0,0,0,0,0,8,2,1,1,1,12.66796875
1,0,0,1,1,0,1,0,0,0,0,0,0,0,7,2,1,1,1,4.9580078125
1,0,0,2,3,0,1,1,0,0,0,0,0,0,15,2,1,1,1,9.8427734375
1,0,0,1,1,0,1,0,0,0,0,0,0,0,7,2,1,1,1,3.6396484375
0,0,0,1,2,0,0,0,0,0,0,0,0,0,9,2,0,1,1,58.078125
1,0,0,0,1,0,1,0,0,0,0,0,0,0,8,2,1,1,1,12.392578125
1,0,0,3,4,0,0,0,0,0,0,0,0,0,14,6,1,1,1,4.4716796875
1,0,0,0,0,0,0,0,0,0,0,0,0,0,25,6,1,1,1,212.7412109375
1,0,0,1,1,0,1,0,0,0,0,0,0,0,9,5,1,1,1,9.1337890625
1,0,0,0,0,0,1,0,0,0,0,0,0,0,20,7,1,1,1,239.0185546875
7,0,0,1,2,0,1,0,0,0,0,0,0,0,24,8,1,1,1,13.705078125
1,0,0,1,2,0,0,0,0,0,0,0,0,0,9,2,0,1,0,1.916015625
15,0,0,2,3,0,1,0,0,0,0,0,0,0,104,52,3,3,3,313.1845703125
1,0,1,0,0,0,0,0,0,0,0,0,0,0,34,9,2,2,2,300.65234375
1,0,0,1,2,0,0,1,0,0,0,0,0,0,15,2,1,1,1,5.1181640625
5,0,0,1,2,0,1,0,0,0,0,0,0,0,17,5,1,1,1,29.8876953125
1,0,0,2,3,0,0,0,0,0,0,0,0,0,12,5,1,1,1,5.9765625
12,1,0,4,5,0,0,1,0,1,0,9,1,0,89,31,1,1,2,491.2109375
1,0,0,1,1,0,1,0,0,0,0,0,0,0,11,4,1,1,1,528.0
3,0,0,0,0,0,1,0,0,0,0,0,0,0,31,12,1,1,1,299.21875
1,0,0,0,0,0,1,0,0,0,0,0,0,0,20,7,1,1,1,238.078125
1,0,0,0,0,0,0,0,0,0,0,0,0,0,14,2,1,1,1,1123.1865234375
1,0,1,0,0,0,0,0,0,0,0,0,0,0,17,6,2,2,2,174.263671875
1,0,0,3,4,0,0,0,0,0,0,0,0,0,14,6,1,1,1,4.3486328125
1,0,0,1,2,0,0,0,0,0,0,0,0,0,9,2,0,1,0,1.955078125
1,0,0,0,0,0,0,0,0,0,0,0,0,0,25,6,1,1,1,213.4970703125
0,0,2,0,0,0,0,0,0,0,0,0,0,0,39,24,0,0,1,590.7607421875
1,0,0,2,3,0,1,1,0,0,0,0,0,0,15,2,1,1,1,9.8759765625
1,0,0,0,1,0,1,0,0,0,0,0,0,0,8,2,1,1,1,13.158203125
1,0,0,1,1,0,1,0,0,0,0,0,0,0,9,5,1,1,1,7.6025390625
1,0,1,0,0,0,0,0,0,0,0,0,0,0,18,7,2,2,2,185.8134765625
5,0,0,1,1,0,1,0,0,0,0,0,0,0,25,4,1,1,1,11.2861328125
1,0,0,2,3,0,1,1,0,0,0,0,0,0,15,2,1,1,1,9.8251953125
1,0,0,2,3,0,1,1,0,0,0,0,0,0,15,2,1,1,1,10.013671875
1,0,0,1,1,0,1,0,0,0,0,0,0,0,7,2,1,1,1,31.380859375
3,0,0,0,0,0,0,0,0,0,0,0,0,0,77,17,2,2,2,124.7060546875
0,0,2,1,1,0,1,1,0,0,0,1,1,0,25,15,0,0,1,52.5927734375
7,0,0,1,2,0,1,0,0,0,0,0,0,0,26,8,1,1,1,39.41796875
0,0,60,0,0,0,0,0,0,0,0,0,0,0,259,186,0,0,20,632.5
1,0,0,2,3,0,0,1,0,0,0,0,0,0,9,2,0,0,0,48.0
1,0,0,0,0,0,0,0,0,0,0,0,0,0,69,14,12,12,12,32.96484375
1,0,0,3,4,0,0,0,0,0,0,0,0,0,13,5,1,1,1,4.4990234375
1,0,0,1,2,0,1,0,0,0,0,0,0,0,9,1,1,1,1,8.337890625
1,0,0,0,1,0,1,0,0,0,0,0,0,0,8,2,1,1,1,12.4287109375
0,0,0,0,0,0,0,0,0,0,0,0,0,0,14,4,1,1,1,46.02734375
85,0,0,1,1,1,1,0,0,0,1,0,0,0,434,157,3,3,3,1500.45703125
1,0,6,1,2,0,0,1,0,0,0,0,0,0,30,17,0,0,3,142.1435546875
1,0,0,1,2,0,0,0,0,0,0,0,0,0,9,3,1,1,1,5.9775390625
1,0,0,2,3,0,1,1,0,0,0,0,0,0,15,2,1,1,1,9.8427734375
0,0,0,2,3,0,0,0,0,0,0,0,0,0,12,3,1,1,1,19.296875
1,0,0,1,2,0,0,1,0,0,0,0,0,0,15,2,1,1,1,10.767578125
1,0,6,1,2,0,0,1,0,0,0,0,0,0,31,17,0,0,3,513.7470703125
1,0,0,1,2,0,0,0,0,0,0,0,0,0,7,1,0,1,1,3.8603515625
1,0,0,5,6,0,0,0,0,0,0,0,0,0,21,11,1,1,1,7.380859375
1,1,0,0,0,0,1,0,0,0,0,0,0,0,15,3,1,1,1,124.412109375
1,0,0,3,4,0,0,0,0,0,0,0,0,0,14,6,1,1,1,4.34765625
1,0,1,0,0,0,0,0,0,0,0,0,0,0,18,7,2,2,2,185.8017578125
0,0,0,1,2,0,0,0,0,0,0,0,0,0,9,2,0,1,1,57.9423828125
1,0,0,0,0,0,0,0,0,0,0,0,0,0,34,5,0,0,1,202.0185546875
1,0,0,0,0,0,0,0,0,0,0,0,0,0,107,83,1,1,1,342.193359375
7,0,0,1,2,0,1,0,0,0,0,0,0,0,24,8,1,1,1,15.4755859375
25,0,1,1,1,1,1,0,0,0,1,0,0,0,169,70,3,3,3,1157.3681640625
1,0,0,3,4,0,0,0,0,0,0,0,0,0,14,6,1,1,1,4.4306640625
15,0,2,19,19,10,0,0,0,0,0,0,0,0,119,45,22,22,12,106.193359375
1,0,0,1,2,0,0,0,0,0,0,0,0,0,7,1,0,1,1,5.16015625
1,0,0,1,2,0,0,1,0,0,0,0,0,0,15,2,1,1,1,10.4501953125
1,0,0,0,1,0,1,0,0,0,0,0,0,0,8,2,1,1,1,12.748046875
1,0,4,0,0,0,0,0,0,0,0,0,0,0,14,11,0,0,2,7.421875
12,1,0,4,5,0,0,1,0,1,0,9,1,0,89,31,1,1,2,877.2509765625
6,0,0,1,2,0,1,0,0,0,0,0,0,0,22,7,1,1,1,11.31640625
0,0,2,1,1,1,0,1,0,0,0,1,1,0,25,15,0,0,1,52.802734375
1,0,0,0,0,0,0,1,0,0,0,1,1,0,10,2,1,1,1,18.623046875
0,0,2,0,0,0,0,0,0,0,0,0,0,0,39,24,0,0,1,553.5791015625
0,0,0,2,3,0,0,0,0,0,0,0,0,0,12,3,1,1,1,2000.0
1,0,0,1,1,0,0,0,0,0,0,0,0,0,7,1,0,0,0,8.5244140625
1,0,0,0,1,0,1,0,0,0,0,0,0,0,8,2,1,1,1,12.8173828125
20,0,0,1,1,0,1,0,0,0,0,0,0,0,24,1,1,1,1,5.2294921875
1,0,0,0,0,0,1,0,0,0,0,0,0,0,20,7,1,1,1,238.078125
1,0,0,0,1,0,1,0,0,0,0,0,0,0,8,2,1,1,1,12.6083984375
1,0,0,1,2,0,0,1,0,0,0,0,0,0,15,2,1,1,1,10.451171875
7,0,0,1,2,0,1,0,0,0,0,0,0,0,24,8,1,1,1,17.466796875
1,0,0,0,0,0,0,0,0,0,0,0,0,0,69,5,0,0,1,166.83984375
1,0,0,1,2,0,0,0,0,0,0,0,0,0,7,1,0,1,1,3.7783203125
5,0,0,1,2,0,1,0,0,0,0,0,0,0,19,6,1,1,1,12.7099609375
1,0,0,1,1,0,1,0,0,0,0,0,0,0,6,3,1,1,1,33.673828125
1,0,1,0,0,0,0,0,0,0,0,0,0,0,16,5,2,2,2,308.4658203125
1,0,0,0,1,0,1,0,0,0,0,0,0,0,8,2,1,1,1,12.0498046875
1,0,1,0,0,0,0,0,0,0,0,0,0,0,22,6,2,2,2,107.4521484375
0,0,35,0,0,0,0,0,0,0,0,0,0,0,144,106,0,0,11,338.2724609375
3,0,0,0,0,0,0,0,0,0,0,0,0,0,58,9,2,2,2,58.1181640625
1,0,0,1,1,0,1,0,0,0,0,0,0,0,10,3,1,1,1,10.373046875
1,0,0,1,2,0,0,1,0,0,0,0,0,0,15,2,1,1,1,10.6865234375
1,0,0,0,0,0,0,0,0,0,0,0,0,0,31,9,1,1,1,21.830078125
1,0,0,2,3,0,1,0,0,0,0,0,0,0,7,1,1,1,1,6.1416015625
1,0,0,1,2,0,1,0,0,0,0,0,0,0,9,1,1,1,1,8.1279296875
1,0,0,2,3,0,1,1,0,0,0,0,0,0,15,2,1,1,1,9.787109375
1,0,0,3,4,0,0,0,0,0,0,0,0,0,12,5,1,1,1,36.1376953125
1,1,0,1,2,0,1,0,0,0,0,0,0,0,12,1,1,1,1,23.6337890625
1,0,0,2,3,0,0,0,0,0,0,0,0,0,12,5,1,1,1,5.984375
1,0,0,2,3,0,1,1,0,0,0,0,0,0,13,2,0,0,0,8.0
1,0,0,0,0,0,2,0,0,0,0,0,0,0,22,4,5,5,5,38.0849609375
1,0,0,1,2,0,0,0,0,0,0,0,0,0,9,3,1,1,1,3.5703125
0,0,0,2,3,0,0,0,0,0,0,0,0,0,12,3,1,1,1,15.5380859375
1,0,0,0,0,0,1,0,0,0,0,0,0,0,12,3,1,1,1,34.6669921875
1,0,0,0,1,0,1,0,0,0,0,0,0,0,8,2,1,1,1,12.5146484375
1,0,0,1,2,0,0,1,0,0,0,0,0,0,15,2,1,1,1,10.705078125
1,0,0,5,6,0,0,0,0,0,0,0,0,0,21,11,1,1,1,7.380859375
1,0,0,0,0,0,0,0,0,0,0,0,0,0,19,6,1,1,1,91.40625
5,0,0,1,2,0,1,0,0,0,0,0,0,0,19,7,1,1,1,9.4619140625
1,0,0,1,2,0,0,0,0,0,0,0,0,0,7,1,0,1,1,3.869140625
1,0,0,1,2,0,0,0,0,0,0,0,0,0,17,3,2,2,2,134.9248046875
1,0,0,2,3,0,0,1,0,0,0,0,0,0,11,2,0,0,0,11.703125
22,0,0,1,1,0,1,0,0,0,0,0,0,0,26,1,1,1,1,10.90234375
1,0,0,3,4,0,0,0,0,0,0,0,0,0,14,6,1,1,1,4.3271484375
1,0,0,1,1,0,1,0,0,0,0,0,0,0,7,1,1,1,1,1.212890625
2,0,0,0,0,0,1,0,0,0,0,0,0,0,22,8,1,1,1,241.0380859375
6,0,0,1,2,0,1,0,0,0,0,0,0,0,22,7,1,1,1,12.587890625
1,0,0,1,1,0,1,0,0,0,0,0,0,0,7,2,1,1,1,4.9580078125
1,0,0,1,1,0,1,0,0,0,0,0,0,0,6,3,1,1,1,33.966796875
1,0,0,1,2,0,0,0,0,0,0,0,0,0,9,2,0,1,0,1.947265625
0,0,0,2,3,0,0,0,0,0,0,0,0,0,12,3,1,1,1,17.533203125
1,0,0,1,1,0,1,0,0,0,0,0,0,0,4,1,0,1,0,1.349609375
1,0,0,3,4,0,0,0,0,0,0,0,0,0,14,6,1,1,1,4.38671875
1,0,0,1,2,0,0,1,0,0,0,0,0,0,15,2,1,1,1,10.794921875
1,0,1,0,0,0,0,0,0,0,0,0,0,0,18,7,2,2,2,185.8134765625
1,0,0,3,4,0,0,0,0,0,0,0,0,0,14,6,1,1,1,16.4580078125
0,0,0,0,0,0,0,0,0,0,0,0,0,0,1,1,0,0,0,2.6240234375
1,0,0,1,2,0,0,0,0,0,0,0,0,0,9,2,0,1,0,1.951171875
12,1,0,4,5,0,0,1,0,1,0,9,1,0,89,31,1,1,2,741.693359375
8,0,0,1,2,0,1,0,0,0,0,0,0,0,26,9,1,1,1,16.744140625
3,0,0,0,0,0,1,0,0,0,0,0,0,0,72,4,1,1,1,35.0693359375
4,0,0,0,0,0,1,0,0,0,0,0,0,0,72,5,1,1,1,34.74609375
1,0,0,1,2,0,0,0,0,0,0,0,0,0,7,1,0,1,1,3.9111328125
2,0,0,0,0,0,0,0,0,0,0,0,0,0,62,8,2,2,2,48.8466796875
1,0,0,2,3,0,1,1,0,0,0,0,0,0,15,2,1,1,1,9.8251953125
1,0,0,1,1,0,1,0,0,0,0,0,0,0,7,2,1,1,1,4.9462890625
6,0,0,1,2,0,1,0,0,0,0,0,0,0,22,7,1,1,1,13.517578125
1,0,0,0,1,0,1,0,0,0,0,0,0,0,8,2,1,1,1,12.9013671875
5,0,0,1,1,0,1,0,0,0,0,0,0,0,25,4,1,1,1,11.2861328125
1,0,2,1,2,0,0,0,0,1,0,0,0,0,39,11,2,2,1,427.94921875
1,0,0,1,1,0,1,1,0,0,0,0,0,0,20,7,2,2,2,34.54296875
1,0,0,1,1,0,1,0,0,0,0,0,0,0,7,2,1,1,1,8.3212890625
12,1,0,4,5,0,0,1,0,1,0,9,1,0,89,31,1,1,2,735.625
0,0,2,0,0,0,0,0,0,0,0,0,0,0,39,24,0,0,1,553.2939453125
3,0,0,1,2,0,1,0,0,0,0,0,0,0,15,4,1,1,1,7.7548828125
1,0,0,0,1,0,1,0,0,0,0,0,0,0,8,2,1,1,1,12.6083984375
1,0,0,2,3,0,1,1,0,0,0,0,0,0,15,2,1,1,1,9.8212890625
2,0,0,2,3,0,1,1,0,0,0,0,0,0,18,3,1,1,1,6.701171875
2,0,0,1,1,0,1,0,0,0,0,0,0,0,8,1,0,0,0,0.7578125
7,0,0,1,2,0,1,0,0,0,0,0,0,0,24,8,1,1,1,12.654296875
1,0,0,0,0,0,0,0,0,0,0,0,0,0,32,8,1,1,1,62.3515625
1,0,0,0,0,0,0,0,0,0,0,0,0,0,39,8,1,1,1,177.2998046875
9,0,0,1,2,0,1,0,0,0,0,0,0,0,25,9,1,1,1,36.2978515625
1,0,0,0,1,0,1,0,0,0,0,0,0,0,8,2,1,1,1,12.4609375
1,0,0,1,2,0,0,0,0,0,0,0,0,0,11,3,1,1,1,27.953125
1,0,1,0,1,0,0,5,0,0,0,0,0,0,81,17,10,10,6,87.5478515625
1,0,0,2,3,0,1,1,0,0,0,0,0,0,15,2,1,1,1,9.8447265625
1,0,0,1,2,0,0,1,0,0,0,0,0,0,15,2,1,1,1,10.7744140625
3,0,0,1,2,0,1,0,0,0,0,0,0,0,15,4,1,1,1,7.7548828125
14,0,0,1,2,0,1,0,0,0,0,0,0,0,40,15,1,1,1,44.7587890625
1,0,0,2,3,0,1,1,0,0,0,0,0,0,13,2,0,0,0,3.9423828125
69,0,0,0,0,0,1,0,0,0,0,0,0,0,349,126,1,1,1,659.83203125
1,0,0,3,4,0,0,1,0,0,0,0,0,0,21,6,1,1,1,81.271484375
1,0,66,0,0,0,0,1,0,0,0,0,0,0,156,153,0,0,33,284.5927734375
1,0,0,0,1,0,1,0,0,0,0,0,0,0,8,2,1,1,1,11.984375
1,0,0,1,1,0,1,0,0,0,0,0,0,0,8,2,1,1,1,39.8779296875
3,0,0,0,0,0,1,0,0,0,0,0,0,0,69,4,1,1,1,33.359375
1,0,0,2,3,0,1,1,0,0,0,0,0,0,15,2,1,1,1,10.00390625
1,0,0,0,1,0,1,0,0,0,0,0,0,0,8,2,1,1,1,12.6025390625
0,0,0,1,2,0,0,0,0,0,0,0,0,0,9,2,0,1,1,15.0107421875
1,0,0,0,1,0,1,0,0,0,0,0,0,0,8,2,1,1,1,12.72265625
1,0,0,1,2,0,0,0,0,0,0,0,0,0,9,3,1,1,1,5.7421875
1,0,0,1,2,0,0,0,0,0,0,0,0,0,7,1,0,1,1,3.865234375
8,0,0,1,2,0,1,0,0,0,0,0,0,0,26,9,1,1,1,16.744140625
0,0,1,0,0,0,0,0,0,0,0,0,0,0,3,3,0,0,1,3.6552734375
1,0,0,1,1,0,1,0,0,0,0,0,0,0,8,2,1,1,1,129.888671875
1,0,0,2,3,0,1,1,0,0,0,0,0,0,14,2,1,1,1,5.521484375
0,0,2,0,0,0,0,0,0,0,0,0,0,0,39,24,0,0,1,591.0283203125
1,0,0,0,1,0,1,0,0,0,0,0,0,0,8,2,1,1,1,12.68359375
3,0,0,0,0,0,1,0,0,0,0,0,0,0,73,4,1,1,1,34.9541015625
0,0,0,2,3,0,0,0,0,0,0,0,0,0,12,3,1,1,1,17.3955078125
0,0,0,0,0,0,0,0,0,0,0,0,0,0,7,1,1,1,1,3.484375
6,0,0,1,2,0,1,0,0,0,0,0,0,0,22,7,1,1,1,11.31640625
1,0,0,1,1,0,1,0,0,0,0,0,0,0,8,2,1,1,1,56.623046875
1,0,0,1,1,0,1,1,0,0,0,0,0,0,19,7,2,2,2,46.42578125
1,0,0,1,1,0,1,0,0,0,0,0,0,0,7,2,1,1,1,5.7607421875
1,0,0,1,2,0,0,1,0,0,0,0,0,0,15,2,1,1,1,10.4501953125
1,0,0,3,4,0,0,0,0,0,0,0,0,0,16,8,1,1,1,2000.0
2,0,0,1,2,0,0,0,1,0,0,0,0,0,31,8,3,3,3,30.8564453125
1,0,1,0,0,0,0,0,0,0,0,0,0,0,20,6,2,2,2,166.0
12,1,0,4,5,0,0,1,0,1,0,9,1,0,89,31,1,1,2,412.4189453125
1,0,0,1,2,0,1,0,0,0,0,0,0,0,9,1,1,1,1,15.015625
1,0,0,1,1,0,1,1,0,0,0,0,1,0,6,2,1,1,1,322.6845703125
1,0,0,2,3,0,1,0,0,0,0,0,0,0,7,1,1,1,1,5.5302734375
1,0,0,0,0,0,0,0,0,0,0,0,0,0,59,4,1,1,1,755.0556640625
12,1,0,4,5,0,0,1,0,1,0,9,1,0,89,31,1,1,2,735.625
0,0,0,1,2,0,0,0,0,0,0,0,0,0,9,2,0,1,1,58.005859375
1,0,0,1,2,0,0,0,0,0,0,0,0,0,9,2,0,1,0,1.919921875
2,0,0,1,1,0,1,0,0,0,0,1,0,0,12,2,0,0,0,1.3623046875
2,0,1,1,1,1,0,0,0,0,0,0,0,0,22,8,3,3,3,215.38671875
1,0,0,5,6,0,0,1,0,0,0,0,0,0,72,55,1,1,1,134.6884765625
1,0,0,0,1,0,1,0,0,0,0,0,0,0,10,3,1,1,1,40.193359375
1,0,0,0,0,0,0,0,0,0,0,0,0,0,106,22,0,0,1,499.4296875
3,0,0,0,0,0,0,0,0,0,0,0,0,0,60,9,2,2,2,37.9892578125
68,0,0,1,1,0,1,1,0,0,0,0,0,0,310,110,1,1,1,584.36328125
107,0,0,0,0,0,0,0,0,1,0,0,0,0,392,114,1,1,1,191.1328125
1,0,0,0,0,0,0,0,0,0,0,0,0,0,12,2,1,1,1,162.7333984375
1,0,0,0,0,0,0,1,0,0,0,1,1,0,8,1,1,1,1,4.7353515625
3,0,0,0,0,0,1,0,0,0,0,0,0,0,71,4,1,1,1,35.1220703125
1,0,0,3,4,0,0,0,0,0,0,0,0,0,13,5,1,1,1,4.4697265625
1,0,0,1,2,0,0,0,0,0,0,0,0,0,14,6,2,2,2,32.0419921875
1,0,0,1,2,0,0,0,0,0,0,0,0,0,9,2,0,1,0,1.9609375
1,0,0,2,3,0,1,1,0,0,0,0,0,0,15,2,1,1,1,9.9248046875
0,0,2,0,0,0,0,0,0,0,0,0,0,0,39,24,0,0,1,591.8759765625
1,0,0,3,4,0,0,0,0,0,0,0,0,0,14,6,1,1,1,11.541015625
2,0,0,0,0,0,1,0,0,0,0,0,0,0,35,2,1,1,1,18.5244140625
1,0,0,1,1,0,1,1,0,0,0,0,0,0,19,7,2,2,2,33.138671875
1,0,0,0,0,0,0,0,0,0,0,0,0,0,75,5,0,0,1,167.6318359375
1,0,0,1,2,0,0,0,0,0,0,0,0,0,9,2,0,1,0,1.9443359375
12,1,0,4,5,0,0,1,0,1,0,9,1,0,89,31,1,1,2,735.4580078125
1,0,0,1,2,0,0,0,0,0,0,0,0,0,9,2,0,1,0,1.9248046875
1,0,0,0,1,0,1,0,0,0,0,0,0,0,8,2,1,1,1,12.3125
1,0,0,1,1,0,1,0,0,0,0,0,0,0,4,1,0,1,0,3.0263671875
1,0,0,1,1,0,1,0,0,0,0,0,0,0,8,2,1,1,1,163.9599609375
1,0,0,5,6,0,0,0,0,0,0,0,0,0,19,9,1,1,1,4.8017578125
1,0,0,1,1,0,1,0,0,0,0,0,0,0,7,2,1,1,1,4.9462890625
0,0,2,0,0,0,0,0,0,0,0,0,0,0,39,24,0,0,1,590.66796875
1,0,0,1,2,0,0,0,0,0,0,0,0,0,11,3,1,1,1,27.66796875
5,0,0,1,2,0,1,0,0,0,0,0,0,0,20,1,1,1,1,50.001953125
0,0,2,0,0,0,0,0,0,0,0,0,0,0,39,24,0,0,1,553.951171875
4,0,0,0,0,0,0,0,0,0,0,0,0,0,71,10,2,2,2,114.5341796875
4,0,0,4,4,0,4,0,0,0,0,0,0,0,24,12,4,4,4,2000.0
1,0,0,5,6,0,0,0,0,0,0,0,0,0,21,11,1,1,1,7.38671875
0,0,0,1,2,0,0,0,0,0,0,0,0,0,9,2,0,1,1,15.1611328125
1,0,0,1,2,0,1,0,0,0,0,0,0,0,9,1,1,1,1,8.1279296875
1,0,0,5,6,0,0,5,0,0,0,0,0,0,73,18,7,7,7,45.2822265625
1,0,0,0,0,0,1,0,0,0,0,0,0,0,20,7,1,1,1,239.0185546875
1,0,0,0,0,0,1,0,0,0,0,0,0,0,12,3,1,1,1,34.6796875
1,0,0,1,2,0,0,0,0,0,0,0,0,0,9,2,0,1,0,1.849609375
0,0,4,1,2,0,0,0,0,0,0,0,0,0,19,13,0,0,1,85.9326171875
3,0,0,0,0,0,1,0,0,0,0,0,0,0,70,4,1,1,1,32.962890625
1,0,0,1,2,0,0,1,0,0,0,0,0,0,15,2,1,1,1,11.119140625
1,0,1,0,0,0,0,0,0,0,0,0,0,0,15,4,2,2,2,7.2373046875
1,0,0,1,1,0,1,0,0,0,0,0,0,0,9,5,1,1,1,9.7236328125
4,0,0,1,2,0,1,0,0,0,0,0,0,0,17,5,1,1,1,10.0771484375
1,0,0,2,3,0,1,1,0,0,0,0,0,0,15,2,1,1,1,9.8984375
1,0,0,0,0,0,0,0,0,0,0,0,0,0,13,1,1,1,1,133.4833984375
1,0,0,0,0,0,1,0,0,0,0,0,0,0,20,7,1,1,1,238.078125
0,0,0,1,2,0,0,0,0,0,0,0,0,0,9,2,0,1,1,15.0107421875
0,0,2,0,0,0,0,0,0,0,0,0,0,0,39,24,0,0,1,590.6943359375
1,0,0,1,1,0,1,0,0,0,0,0,0,0,9,5,1,1,1,7.4912109375
1,0,1,0,0,0,0,1,0,0,0,0,0,0,57,54,0,0,1,56.4375
1,0,0,1,1,0,1,1,0,1,0,1,1,0,17,3,1,1,1,2.70703125
0,0,0,1,2,0,0,0,0,0,0,0,0,0,9,2,0,1,1,15.044921875
1,0,0,5,6,0,0,0,0,0,0,0,0,0,21,11,1,1,1,7.3740234375
2,0,0,0,0,0,0,0,0,0,0,0,0,0,95,10,0,0,1,256.2041015625
1,0,0,1,2,0,0,0,0,0,0,0,0,0,7,1,0,1,1,3.83203125
1,0,0,0,0,0,1,0,0,0,0,0,0,0,12,3,1,1,1,34.6611328125
1,0,0,2,3,0,1,1,0,0,0,0,0,0,18,3,1,1,1,5.8427734375
1,0,0,2,3,0,1,1,0,0,0,0,0,0,15,2,1,1,1,10.015625
1,0,0,0,0,0,0,0,0,0,0,0,0,0,7,1,1,1,1,16.1328125
0,0,0,0,0,0,0,0,0,0,0,0,0,0,1,0,0,0,0,0.0234375
1,0,0,3,4,0,0,1,0,0,0,0,0,0,71,56,1,1,1,79.26171875
7,0,0,1,2,0,1,0,0,0,0,0,0,0,24,8,1,1,1,13.478515625
1,0,0,1,2,0,0,0,0,0,0,0,0,0,9,2,0,1,0,1.9599609375
1,0,0,1,1,0,1,0,0,0,0,0,0,0,7,2,1,1,1,5.7119140625
1,0,0,0,0,0,0,0,0,0,0,0,0,0,48,6,1,1,1,412.076171875
1,0,0,0,1,0,1,0,0,0,0,0,0,0,8,2,1,1,1,12.7900390625
1,0,0,1,2,0,0,0,0,0,0,0,0,0,7,1,0,1,0,5.0888671875
7,0,0,1,2,0,1,0,0,0,0,0,0,0,24,8,1,1,1,16.919921875
1,0,0,1,1,0,1,0,0,0,0,1,0,0,12,2,1,1,1,2.5302734375
12,1,0,4,5,0,0,1,0,1,0,9,1,0,91,31,1,1,2,603.1396484375
1,0,0,1,1,0,1,0,0,0,0,0,0,0,4,1,0,1,0,3.3154296875
1,0,0,0,1,0,1,0,0,0,0,0,0,0,10,3,1,1,1,40.501953125
1,0,0,1,1,0,1,0,0,0,0,0,0,0,7,2,1,1,1,57.0693359375
1,0,0,1,2,0,0,0,0,0,0,0,0,0,9,2,0,1,0,1.9189453125
1,0,0,3,4,0,0,0,0,0,0,0,0,0,12,5,1,1,1,31.1357421875
0,0,0,1,2,0,0,0,0,0,0,0,0,0,9,2,0,1,1,14.9833984375
1,0,0,1,2,0,1,0,0,0,0,0,0,0,9,1,1,1,1,15.015625
1,0,0,0,1,0,1,0,0,0,0,0,0,0,8,2,1,1,1,12.5751953125
1,0,0,0,1,0,1,0,0,0,0,0,0,0,8,2,1,1,1,12.36328125
1,0,1,0,0,0,0,0,0,0,0,0,0,0,18,7,2,2,2,185.8125
1,0,0,2,3,0,1,1,0,0,0,0,0,0,15,2,1,1,1,9.791015625
1,0,6,0,0,0,0,1,0,0,0,9,0,0,35,33,0,0,0,77.849609375
4,0,0,5,6,0,1,0,0,0,0,0,0,0,24,5,1,1,1,57.2734375
1,0,0,0,1,0,1,0,0,0,0,0,0,0,8,2,1,1,1,12.158203125
3,0,0,0,0,0,1,0,0,0,0,0,0,0,31,12,1,1,1,299.21875
1,0,0,1,1,0,1,0,0,0,0,0,0,0,4,1,1,1,1,3.5654296875
1,0,0,1,2,0,0,0,0,0,0,0,0,0,9,3,1,1,1,3.9140625
0,0,0,1,2,0,0,0,0,0,0,0,0,0,9,2,0,1,1,15.087890625
1,0,0,0,0,0,1,0,0,0,0,0,0,0,20,7,1,1,1,238.078125
1,0,0,0,1,0,1,0,0,0,0,0,0,0,8,2,1,1,1,12.4892578125
1,0,0,0,1,0,1,0,0,0,0,0,0,0,8,2,1,1,1,12.7333984375
2,0,0,0,0,0,0,0,0,0,0,0,0,0,50,8,2,2,2,43.05078125
1,0,0,0,0,0,0,1,0,0,0,7,1,0,19,9,1,1,1,7.6904296875
1,0,0,2,3,0,1,1,0,0,0,0,0,0,15,2,1,1,1,9.8203125
1,0,0,1,1,0,1,0,0,0,0,0,0,0,6,1,1,1,1,2.25390625
1,0,3,0,0,1,0,0,0,0,0,0,0,0,12,9,0,0,2,8.2275390625
1,0,0,1,2,0,0,0,0,0,0,0,0,0,9,2,0,1,0,1.9541015625
0,0,0,1,2,0,0,0,0,0,0,0,0,0,9,2,0,1,1,15.0625
1,0,0,3,4,0,0,0,0,0,0,0,0,0,16,8,1,1,1,2000.0
2,0,0,0,0,0,0,0,0,0,0,0,0,0,58,8,2,2,2,65.208984375
1,0,0,0,0,0,1,0,0,0,0,0,0,0,20,7,1,1,1,238.078125
1,0,0,0,0,0,0,0,0,0,0,0,0,0,22,6,1,1,1,122.0947265625
1,0,0,1,2,0,0,0,0,0,0,0,0,0,7,1,0,1,1,3.8564453125
1,0,0,1,2,0,0,0,0,0,0,0,0,0,9,2,0,1,0,1.921875
1,0,0,2,3,0,0,0,0,0,0,0,0,0,12,5,1,1,1,5.9892578125
1,0,0,1,1,0,1,0,0,0,0,0,0,0,8,2,0,0,0,1.162109375
1,0,0,1,1,1,1,0,0,0,0,0,0,0,6,1,1,1,1,1.802734375
12,0,0,0,0,3,2,3,0,0,0,1,1,0,15,1,9,15,6,6.1298828125
1,0,0,2,1,0,0,0,0,0,0,0,0,0,9,3,1,1,1,6.92578125
0,0,0,1,2,0,0,0,0,0,0,0,0,0,9,2,0,1,1,14.9326171875
1,0,0,0,1,0,1,0,0,0,0,0,0,0,8,2,1,1,1,12.90234375
4,0,0,0,0,0,0,0,0,0,0,0,0,0,46,23,2,2,2,164.0029296875
1,0,1,0,0,0,0,0,0,0,0,0,0,0,17,6,2,2,2,174.255859375
1,0,0,1,2,0,1,0,0,0,0,0,0,0,9,1,1,1,1,9.17578125
1,0,0,1,2,0,0,1,0,0,0,0,0,0,15,2,1,1,1,10.8359375
1,0,4,0,0,0,0,1,0,0,0,0,0,0,13,10,0,0,2,57.9462890625
15,0,2,19,19,10,0,0,0,0,0,0,0,0,119,45,22,22,12,106.193359375
0,0,10,0,0,0,0,1,0,0,0,0,0,0,30,23,0,0,3,203.1171875
1,0,0,2,3,0,1,1,0,0,0,0,0,0,15,2,1,1,1,9.849609375
1,0,0,0,0,0,0,0,0,0,0,0,0,0,7,1,1,1,1,0.9677734375
1,0,0,1,1,0,1,0,0,0,0,0,0,0,4,1,1,1,1,7.9208984375
1,0,0,3,4,0,0,0,0,0,0,0,0,0,13,5,1,1,1,4.4990234375
1,0,0,1,2,0,0,0,0,0,0,0,0,0,9,3,1,1,1,4.11328125
1,0,0,1,2,0,0,1,0,0,0,0,0,0,15,2,1,1,1,10.99609375
0,0,0,0,0,0,0,0,0,0,0,0,0,0,6,1,1,1,1,14.75
1,0,0,1,1,0,1,0,0,0,0,0,0,0,10,3,1,1,1,40.29296875
1,0,0,1,2,0,0,0,0,0,0,0,0,0,7,1,0,1,1,3.85546875
2,0,0,2,3,0,1,1,0,0,0,0,0,0,18,3,1,1,1,6.7001953125
1,0,0,2,3,0,1,1,0,0,0,0,0,0,15,2,1,1,1,9.998046875
1,0,0,0,1,0,1,0,0,0,0,0,0,0,8,2,1,1,1,12.904296875
1,0,0,1,1,0,1,0,0,0,0,0,0,0,9,5,1,1,1,9.7373046875
1,0,0,0,0,0,0,0,0,0,0,0,0,0,31,9,1,1,1,22.31640625
1,0,0,1,1,0,1,0,0,0,0,0,0,0,9,5,1,1,1,9.7744140625
1,0,0,1,1,0,1,0,0,0,0,0,0,0,7,2,1,1,1,8.3310546875
1,0,0,1,2,0,1,0,0,0,0,0,0,0,9,1,1,1,1,8.2041015625
1,0,0,2,1,0,0,0,0,0,0,0,0,0,9,2,0,1,0,22.6015625
1,0,1,0,0,0,0,0,0,0,0,0,0,0,32,14,2,2,2,183.5322265625
1,0,0,1,1,0,1,0,0,0,0,0,0,0,4,1,1,1,1,3.5478515625
1,0,1,0,0,0,0,1,0,0,0,0,0,0,15,13,0,0,1,186.70703125
1,0,0,1,2,0,0,0,0,0,0,0,0,0,7,1,0,1,1,3.865234375
0,0,0,1,2,0,0,0,0,0,0,0,0,0,9,2,0,1,1,15.0078125
1,0,0,0,1,0,1,0,0,0,0,0,0,0,8,2,1,1,1,13.072265625
1,0,0,5,6,0,1,0,0,0,0,0,0,0,18,2,1,1,1,81.2421875
4,0,0,1,2,0,1,0,0,0,0,0,0,0,18,5,1,1,1,8.91796875
4,0,0,4,4,0,4,0,0,0,0,0,0,0,24,12,4,4,4,2000.0
1,0,0,1,2,0,0,0,0,0,0,0,0,0,14,6,2,2,2,32.033203125
1,0,0,0,1,0,1,0,0,0,0,0,0,0,8,2,0,0,0,4.0185546875
2,0,0,1,2,0,1,0,0,0,0,0,0,0,13,3,1,1,1,4.7119140625
4,0,0,5,6,0,1,0,0,0,0,0,0,0,24,5,1,1,1,56.7353515625
1,0,0,0,0,0,0,0,0,0,0,0,0,0,21,6,1,1,1,202.6982421875
0,0,7,0,0,0,0,1,0,0,0,0,0,0,24,12,0,0,1,14.8359375
1,0,0,3,4,0,0,0,0,0,0,0,0,0,16,8,1,1,1,2000.0
0,1,8,0,0,0,0,1,0,0,0,0,0,0,15,13,0,0,1,10.3369140625
1,0,0,2,3,0,0,0,0,0,0,0,0,0,12,5,1,1,1,5.9892578125
1,0,0,0,0,0,0,0,0,0,0,0,0,0,6,1,1,1,1,15.966796875
1,0,0,0,0,0,0,0,0,0,0,0,0,0,83,10,1,1,1,393.064453125
8,0,0,1,2,0,1,0,0,0,0,0,0,0,26,9,1,1,1,16.744140625
5,0,0,0,0,0,0,0,0,0,0,0,0,0,44,8,1,1,1,43.849609375
0,0,2,0,0,0,0,0,0,0,0,0,0,0,39,24,0,0,1,590.955078125
1,0,0,0,0,0,1,0,0,0,0,0,0,0,12,3,1,1,1,34.67578125
1,0,0,1,2,0,0,0,0,0,0,0,0,0,7,1,0,1,1,3.8916015625
1,0,0,2,3,0,1,1,0,0,0,0,0,0,15,2,1,1,1,6.4130859375
1,0,1,0,0,0,0,1,0,0,0,0,0,0,10,7,0,0,1,30.693359375
5,0,0,1,2,0,1,0,0,0,0,0,0,0,20,6,1,1,1,13.1572265625
0,0,2,0,0,0,0,1,0,0,0,1,1,0,25,15,0,0,1,52.7548828125
1,0,0,0,1,0,1,0,0,0,0,0,0,0,8,2,1,1,1,12.6025390625
1,0,0,3,4,0,0,1,0,0,0,0,0,0,71,56,1,1,1,79.298828125
1,0,0,0,0,0,0,0,0,0,0,0,0,0,30,7,1,1,1,16.9697265625
1,0,0,2,3,0,1,1,0,0,0,0,0,0,15,2,1,1,1,6.41015625
1,0,3,0,0,0,0,0,0,0,0,0,0,0,24,21,0,0,2,89.701171875
68,0,0,1,1,0,1,1,0,0,0,0,0,0,313,110,1,1,1,624.1572265625
1,0,0,0,1,0,1,0,0,0,0,0,0,0,8,2,1,1,1,12.40234375
48,0,52,1,1,1,0,1,0,0,0,0,1,0,175,117,0,0,1,115.1005859375
1,0,0,1,2,0,0,0,0,0,0,0,0,0,9,2,0,1,0,1.8505859375
1,0,0,0,1,0,1,0,0,0,0,0,0,0,8,2,1,1,1,12.158203125
1,0,0,1,1,0,1,0,0,0,0,0,0,0,10,3,1,1,1,40.29296875
6,0,0,1,2,0,1,0,0,0,0,0,0,0,22,7,1,1,1,13.517578125
37,0,6,1,1,1,1,0,0,0,1,0,0,0,234,161,3,3,3,411.6611328125
1,0,1,0,0,0,0,0,0,0,0,0,0,0,15,5,2,2,2,209.0263671875
1,0,0,2,3,0,1,1,0,0,0,0,0,0,15,2,1,1,1,9.900390625
1,0,0,3,4,0,0,1,0,0,0,0,0,0,71,56,1,1,1,79.2353515625
0,0,0,1,2,0,0,0,0,0,0,0,0,0,9,2,0,1,1,14.9482421875
1,0,0,2,3,0,1,0,0,0,0,0,0,0,7,1,1,1,1,6.119140625
1,0,1,0,0,0,0,0,0,0,0,0,0,0,17,6,2,2,2,174.2568359375
1,0,0,0,0,0,0,0,0,0,0,0,0,0,29,7,1,1,1,59.3212890625
1,0,1,0,0,0,0,0,0,0,0,0,0,0,30,10,2,2,2,18.3828125
1,0,1,0,0,0,0,0,0,0,0,0,0,0,24,7,2,2,2,145.083984375
1,0,0,2,3,0,1,1,0,0,0,0,0,0,14,2,1,1,1,6.1005859375
3,0,0,0,0,0,1,0,0,0,0,0,0,0,31,12,1,1,1,299.21875
1,0,0,1,1,0,1,0,0,0,0,0,0,0,7,2,1,1,1,4.9404296875
1,0,0,1,2,0,1,0,0,0,0,0,0,0,9,1,1,1,1,8.013671875
1,0,0,1,1,0,1,0,0,0,0,0,0,0,7,2,1,1,1,8.3154296875
32,0,0,0,0,0,0,0,0,0,0,0,0,0,127,54,0,0,0,550.7822265625
1,0,1,0,0,0,0,0,0,0,0,0,0,0,17,6,2,2,2,174.265625
1,0,0,2,3,0,0,0,0,0,0,0,0,0,12,5,1,1,1,6.017578125
7,0,0,1,2,0,1,0,0,0,0,0,0,0,26,8,1,1,1,39.41796875
1,0,0,1,1,0,1,0,0,0,0,0,0,0,4,1,0,1,0,2.986328125
1,0,0,1,1,0,1,0,0,0,0,0,0,0,4,1,0,1,0,1.33203125
1,0,0,0,0,0,0,0,0,0,0,0,0,0,61,6,0,0,1,248.00390625
3,0,0,0,0,0,1,0,0,0,0,0,0,0,66,4,1,1,1,33.0791015625
1,0,0,0,1,0,1,0,0,0,0,0,0,0,10,3,1,1,1,40.46484375
1,0,0,1,1,0,1,1,0,0,0,0,0,0,21,8,2,2,2,52.1220703125
22,0,0,1,1,0,1,0,0,0,0,0,0,0,26,1,1,1,1,10.201171875
1,0,0,0,0,0,0,0,0,0,0,0,0,0,44,23,1,1,1,110.365234375
1,0,0,1,2,0,0,0,0,0,0,0,0,0,7,1,0,1,1,3.85546875
0,0,0,1,2,0,0,0,0,0,0,0,0,0,9,2,0,1,1,14.912109375
2,0,0,0,0,0,0,0,0,0,0,0,0,0,51,8,2,2,2,42.3447265625
1,0,0,2,3,0,1,1,0,0,0,0,0,0,15,2,1,1,1,9.8447265625
12,1,0,4,5,0,0,1,0,1,0,9,1,0,90,31,1,1,2,603.1396484375
1,0,1,0,0,0,0,0,0,0,0,0,0,0,31,10,2,2,2,46.33203125
3,0,0,0,0,0,0,0,0,0,0,0,0,0,63,9,2,2,2,48.30078125
1,0,0,2,3,0,1,1,0,0,0,0,0,0,15,2,1,1,1,6.4228515625
1,0,1,0,0,0,0,0,0,0,0,0,0,0,36,10,2,2,2,93.064453125
1,0,0,0,1,0,1,0,0,0,0,0,0,0,8,2,1,1,1,12.2275390625
1,0,0,0,0,0,0,0,0,0,0,0,0,0,25,5,1,1,1,43.287109375
1,0,0,0,1,0,1,0,0,0,0,0,0,0,8,2,1,1,1,12.263671875
1,0,0,1,2,0,1,0,0,0,0,0,0,0,9,1,1,1,1,8.7734375
1,0,0,2,3,0,1,1,0,0,0,0,0,0,15,2,1,1,1,9.8828125
1,0,0,0,1,0,1,0,0,0,0,0,0,0,8,2,1,1,1,12.375
1,0,1,0,0,0,0,0,0,0,0,0,0,0,18,7,2,2,2,185.814453125
3,0,0,0,0,0,1,0,0,0,0,0,0,0,65,4,1,1,1,30.8671875
5,0,0,1,1,0,1,0,0,0,0,0,0,0,25,4,1,1,1,11.2939453125
1,0,0,0,1,0,1,0,0,0,0,0,0,0,8,2,1,1,1,12.5478515625
5,0,0,1,2,0,1,0,0,0,0,0,0,0,17,5,1,1,1,29.8876953125
7,0,0,1,2,0,1,0,0,0,0,0,0,0,24,8,1,1,1,14.7548828125
1,0,0,2,3,0,1,1,0,0,0,0,0,0,15,2,1,1,1,9.791015625
1,0,0,0,0,0,0,0,0,0,0,0,0,0,94,8,1,1,1,98.02734375
0,0,0,1,2,0,0,0,0,0,0,0,0,0,9,2,0,1,1,58.0517578125
2,0,0,2,3,0,1,1,0,0,0,0,0,0,18,3,1,1,1,6.7001953125
1,0,0,2,3,0,1,1,0,0,0,0,0,0,15,2,1,1,1,9.98828125
1,0,0,0,1,0,1,0,0,0,0,0,0,0,8,2,1,1,1,12.52734375
4,0,0,1,1,1,1,0,0,0,1,0,0,0,63,16,2,2,2,20029.728515625
4,0,0,1,2,0,1,0,0,0,0,0,0,0,17,5,1,1,1,38.1015625
1,0,1,0,0,0,0,0,0,0,0,0,0,0,17,6,2,2,2,231.9404296875
1,0,0,0,1,0,1,0,0,0,0,0,0,0,8,2,1,1,1,12.458984375
3,0,0,0,0,0,1,0,0,0,0,0,0,0,71,4,1,1,1,34.591796875
6,0,0,1,2,0,1,0,0,0,0,0,0,0,22,7,1,1,1,12.27734375
1,0,1,0,0,0,0,0,0,0,0,0,0,0,18,7,2,2,2,185.8134765625
1,0,0,1,1,0,1,0,0,0,0,0,0,0,6,3,1,1,1,2000.0
1,0,0,0,1,0,1,0,0,0,0,0,0,0,10,3,1,1,1,40.50390625
1,0,0,0,0,0,0,0,0,0,0,0,0,0,42,6,1,1,1,399.4658203125
1,0,0,1,1,0,1,0,0,0,0,0,0,0,9,5,1,1,1,12.376953125
1,0,0,0,1,0,1,0,0,0,0,0,0,0,8,2,1,1,1,12.4970703125
2,0,0,0,0,0,0,0,0,0,0,0,0,0,66,10,2,2,2,48.8251953125
12,1,0,4,5,0,0,1,0,1,0,9,1,0,89,31,1,1,2,522.0068359375
1,0,0,2,3,0,1,1,0,0,0,0,0,0,15,2,1,1,1,9.8212890625
1,0,0,0,1,0,1,0,0,0,0,0,0,0,8,2,1,1,1,12.4765625
1,0,0,1,2,0,0,0,0,0,0,0,0,0,7,1,0,1,1,3.8408203125
1,0,0,1,2,0,0,0,0,0,0,0,0,0,9,2,0,1,0,1.9580078125
1,0,1,0,0,0,0,0,0,0,0,0,0,0,16,5,2,2,2,128.6435546875
1,2,5,0,0,0,0,1,0,0,0,0,0,0,29,25,0,0,2,75.1630859375
2,0,0,2,2,2,0,1,0,0,0,0,1,0,17,4,1,1,1,8.0
0,0,0,1,1,0,1,0,0,0,0,0,0,0,2,1,1,1,1,2.107421875
1,0,0,1,1,0,1,0,0,0,0,0,0,0,6,3,1,1,1,33.673828125
1,0,0,2,3,0,1,1,0,0,0,0,0,0,15,2,1,1,1,10.0146484375
0,0,2,0,0,0,0,0,0,0,0,0,0,0,39,24,0,0,1,590.73828125
6,0,0,1,2,0,1,0,0,0,0,0,0,0,22,7,1,1,1,12.58203125
1,0,0,0,0,0,0,0,0,0,0,0,0,0,18,6,2,2,2,157.7548828125
1,0,0,2,3,0,0,0,0,0,0,0,0,0,8,1,1,1,1,2.8427734375
1,0,0,1,2,0,0,0,0,0,0,0,0,0,7,1,0,1,1,3.8349609375
5,0,0,1,2,0,1,0,0,0,0,0,0,0,20,6,1,1,1,13.1572265625
1,0,0,0,1,0,1,0,0,0,0,0,0,0,8,2,1,1,1,12.4150390625
1,0,0,0,1,0,1,0,0,0,0,0,0,0,8,2,1,1,1,12.572265625
20,0,0,1,1,1,1,0,0,0,1,0,0,0,328,153,4,4,4,722.078125
1,0,0,2,3,0,1,1,0,0,0,0,0,0,15,2,1,1,1,9.8466796875
1,0,0,5,6,0,0,0,0,0,0,0,0,0,19,9,1,1,1,4.603515625
1,0,0,2,3,0,1,1,0,0,0,0,0,0,15,2,1,1,1,9.9248046875
1,0,0,0,1,0,1,0,0,0,0,0,0,0,8,2,1,1,1,12.4287109375
1,0,0,1,1,0,1,0,0,0,0,0,0,0,6,3,1,1,1,34.470703125
1,0,0,1,1,0,1,1,0,0,0,0,0,0,19,7,2,2,2,46.4091796875
1,0,0,1,1,0,1,1,0,1,0,1,1,0,17,3,1,1,1,29.76953125
1,0,0,1,2,0,0,1,0,0,0,0,0,0,15,2,1,1,1,10.4833984375
1,0,0,1,2,0,0,0,0,0,0,0,0,0,9,2,0,1,0,1.857421875
1,0,0,0,0,0,0,0,0,0,0,0,0,0,7,2,1,1,1,3.88671875
1,0,1,0,0,0,0,0,0,0,0,0,0,0,17,6,2,2,2,174.275390625
1,0,0,1,1,0,1,1,0,0,0,0,1,0,8,2,1,1,1,405.6337890625
1,0,0,1,1,0,1,1,0,0,0,0,0,0,19,7,2,2,2,35.1337890625
3,0,0,0,0,0,1,0,0,0,0,0,0,0,70,4,1,1,1,43.6552734375
1,0,4,0,0,0,0,0,0,0,0,0,0,0,19,16,0,0,2,38.59375
1,0,0,0,0,0,1,0,0,0,1,0,0,0,5,0,1,1,1,1.154296875
4,0,0,0,0,0,1,0,0,0,0,0,0,0,71,5,1,1,1,34.599609375
1,0,0,1,1,0,1,0,0,0,0,0,0,0,4,1,0,1,0,3.0224609375
2,0,0,0,0,0,0,0,0,0,0,0,0,0,62,10,2,2,2,47.2734375
1,0,0,3,4,0,0,0,0,0,0,0,0,0,14,6,1,1,1,16.06640625
7,0,0,1,2,0,1,0,0,0,0,0,0,0,24,8,1,1,1,14.7666015625
1,0,0,0,1,0,1,0,0,0,0,0,0,0,8,2,1,1,1,12.5498046875
